
Use DAMURDER2;
GO

-- DROP de tablas que se modifican después
DROP TABLE IF EXISTS Viaje;
DROP TABLE IF EXISTS Billete;
GO

CREATE TABLE Billete (
	-- atributos
	BilleteID INT, 
	AeropuertoOrigen INT NOT NULL,
	AeropuertoDestino INT NOT NULL,
	PrecioBillete MONEY NOT NULL,
	-- restricciones 
	CONSTRAINT PK_Billete PRIMARY KEY(BilleteID),
	CONSTRAINT FK_Billete_Aeropuerto_AeropuertoOrigen
	FOREIGN KEY(AeropuertoOrigen) 
	REFERENCES Aeropuerto(AeropuertoID)
	ON UPDATE CASCADE ON DELETE CASCADE,
	/*CONSTRAINT FK_Billete_Aeropuerto_AeropuertoDestino
	FOREIGN KEY(AeropuertoDestino) 
	REFERENCES Aeropuerto(AeropuertoID)*/
	--ON UPDATE CASCADE ON DELETE CASCADE
);

CREATE TABLE Viaje (
	ViajeID	INT,
	SospechosoID INT NOT NULL,
	BilleteID INT NOT NULL,
	DuraciónViaje INT NOT NULL,
	HoraEmbarque TIME NOT NULL,
	-- restricciones 
	CONSTRAINT PK_Viaje PRIMARY KEY(ViajeID),
	CONSTRAINT FK_Viaje_Sospechoso_SospechosoID
	FOREIGN KEY(SospechosoID) 
	REFERENCES Sospechoso(SospechosoID)
	ON UPDATE CASCADE ON DELETE CASCADE,
	CONSTRAINT FK_Viaje_Billete_BilleteID
	FOREIGN KEY(BilleteID) 
	REFERENCES Billete(BilleteID)
	ON UPDATE CASCADE ON DELETE CASCADE
);


-- BORRADOS
DELETE FROM Viaje;
DELETE FROM Billete;
DELETE FROM Aeropuerto;
DELETE FROM Sospechoso;

-- INSERCIONES
INSERT INTO Sospechoso VALUES
(1, 'Nate Streak', '22/11/2005', 'nstreak0@homestead.com', 'Violet', 'Transsexual Person'),
(2, 'Kerrill Jeynes', '08/03/1930', 'kjeynes1@blogger.com', 'Red', 'Non-binary'),
(3, 'Cahra Ca', '21/09/1941', 'cca2@mediafire.com', 'Teal', 'Transgender'),
(4, 'Alberta Volke', '19/01/1932', 'avolke3@google.com', 'Purple', 'Transgender Man'),
(5, 'Hinda Attoc', '25/08/1964', 'hattoc4@apple.com', NULL, 'Bigender'),
(6, 'Arney Raulston', '08/07/1941', 'araulston5@exblog.jp', 'Fuscia', 'Cisgender Female'),
(7, 'Dian Fearnill', '31/03/1978', 'dfearnill6@weibo.com', 'Red', 'Transsexual Female'),
(8, 'Lavena Streatfeild', '16/10/2024', 'lstreatfeild7@a8.net', 'Aquamarine', 'Cis Female'),
(9, 'Elsey MacRonald', '30/01/2006', 'emacronald8@over-blog.com', 'Green', 'Trans Female'),
(10, 'Jemmie Guye', '23/01/1927', 'jguye9@mac.com', 'Orange', 'Transsexual Person'),
(11, 'Marcellus Maud', '07/06/1918', 'mmauda@wordpress.org', 'Khaki', 'Gender Questioning'),
(12, 'Eleen Ibbison', '17/12/1925', 'eibbisonb@dropbox.com', 'Orange', 'Cis Woman'),
(13, 'Osbert Kiehne', '11/10/1920', 'okiehnec@bluehost.com', 'Fuscia', 'Transfeminine'),
(14, 'Katusha Chess', '11/08/1959', 'kchessd@indiatimes.com', 'Blue', 'Intersex'),
(15, 'Melamie Wallage', '04/05/1994', 'mwallagee@wsj.com', 'Blue', 'Transmasculine'),
(16, 'Koressa Hallgate', '15/07/2014', 'khallgatef@angelfire.com', 'Aquamarine', 'Cisgender Male'),
(17, 'Maurise Doding', '02/08/1948', 'mdodingg@dmoz.org', 'Orange', 'Androgynous'),
(18, 'Micheline Selborne', '19/07/1947', 'mselborneh@goodreads.com', NULL, 'Neither'),
(19, 'Tamarra Surgeon', '20/10/1921', 'tsurgeoni@chron.com', 'Crimson', 'Female to Male'),
(20, 'Belia Cabble', '14/12/2034', 'bcabblej@joomla.org', 'Khaki', 'Male to Female'),
(21, 'Patin Sueter', '13/08/1987', 'psueterk@mit.edu', 'Red', 'Intersex'),
(22, 'Boone Skelhorne', '14/02/2046', 'bskelhornel@trellian.com', 'Teal', 'Trans Female'),
(23, 'Sonni Dibdall', '01/06/2037', 'sdibdallm@zimbio.com', 'Violet', 'Genderqueer'),
(24, 'Guillema Toothill', '05/08/1956', 'gtoothilln@dropbox.com', 'Blue', 'Genderqueer'),
(25, 'Diandra Calabry', '02/03/1922', 'dcalabryo@qq.com', 'Turquoise', 'Other'),
(26, 'Christie Bramer', '20/08/1918', 'cbramerp@exblog.jp', 'Orange', 'Male to Female'),
(27, 'Rosina Solleme', '08/09/1920', 'rsollemeq@google.co.jp', 'Khaki', 'Transgender Person'),
(28, 'Karon Toping', '15/11/2038', 'ktopingr@etsy.com', 'Crimson', 'Transsexual Female'),
(29, 'Bord Knapper', '26/07/1970', 'bknappers@ustream.tv', 'Orange', 'Transsexual Female'),
(30, 'Odessa Sandever', '04/05/2030', 'osandevert@arizona.edu', 'Pink', 'Transsexual Female'),
(31, 'Lucilia Wait', '04/02/1979', 'lwaitu@amazon.com', 'Green', 'Transgender Female'),
(32, 'Blithe Arman', '17/10/1931', 'barmanv@rakuten.co.jp', NULL, 'Female to Male'),
(33, 'Sheryl Johantges', '06/08/2008', 'sjohantgesw@narod.ru', 'Violet', 'Gender Questioning'),
(34, 'Meryl Pashen', '30/06/1922', 'mpashenx@deviantart.com', 'Goldenrod', 'Trans Woman'),
(35, 'Muffin Pinkerton', '26/10/1916', 'mpinkertony@multiply.com', 'Pink', 'Transgender'),
(36, 'Amory Leate', '11/06/1917', 'aleatez@goodreads.com', 'Turquoise', 'Androgynous'),
(37, 'Peta Perren', '10/10/2040', 'pperren10@npr.org', 'Green', 'Transfeminine'),
(38, 'Galen Hellen', '26/05/1985', 'ghellen11@slideshare.net', 'Aquamarine', 'Cisgender Woman'),
(39, 'Avrom Baulk', '01/01/2022', 'abaulk12@php.net', NULL, 'Cis Woman'),
(40, 'Antonino Dumberell', '02/02/1902', 'adumberell13@yahoo.com', 'Mauv', 'Transsexual Person'),
(41, 'Matthus Scranny', '12/12/1998', 'mscranny14@github.io', 'Khaki', 'Neutrois'),
(42, 'Patricio Showler', '26/04/2002', 'pshowler15@bloomberg.com', 'Maroon', 'Neutrois'),
(43, 'Sapphira Devoy', '17/10/2029', 'sdevoy16@opensource.org', 'Goldenrod', 'Neutrois'),
(44, 'Arlana Doby', '21/05/2047', 'adoby17@dmoz.org', 'Orange', 'Trans'),
(45, 'Shea Skamal', '05/07/1955', 'sskamal18@apple.com', 'Green', 'Trans Male'),
(46, 'Katuscha Howgego', '30/12/2046', 'khowgego19@reddit.com', 'Red', 'Agender'),
(47, 'Tybi Spores', '15/11/2022', 'tspores1a@ft.com', 'Red', 'Transsexual Man'),
(48, 'Helyn Sighard', '16/11/1951', 'hsighard1b@shinystat.com', 'Maroon', 'Trans Female'),
(49, 'Korella Braybrooks', '27/07/2042', 'kbraybrooks1c@marriott.com', 'Purple', 'Transmasculine'),
(50, 'Mitchael Benediktovich', '16/04/2037', 'mbenediktovich1d@sakura.ne.jp', 'Red', 'Transsexual Male'),
(51, 'Barby Garratty', '23/01/2037', 'bgarratty1e@amazon.co.uk', 'Yellow', 'Transgender'),
(52, 'Harriott Elcott', '23/03/2012', 'helcott1f@dedecms.com', 'Orange', 'Transgender Woman'),
(53, 'Jodee Malyon', '14/01/2001', 'jmalyon1g@google.fr', 'Aquamarine', 'Transgender Person'),
(54, 'Gaile Gotts', '18/11/2013', 'ggotts1h@cdbaby.com', 'Yellow', 'Transsexual Man'),
(55, 'Delinda Foort', '14/12/1996', 'dfoort1i@symantec.com', NULL, 'Transfeminine'),
(56, 'Meris Skarr', '09/01/2037', 'mskarr1j@google.es', 'Khaki', 'Gender Questioning'),
(57, 'Matthus Nand', '07/02/1939', 'mnand1k@noaa.gov', 'Orange', 'Genderqueer'),
(58, 'Junie Bradberry', '19/10/1984', 'jbradberry1l@tiny.cc', 'Green', 'Other'),
(59, 'Fred Deguara', '30/12/2003', 'fdeguara1m@illinois.edu', 'Khaki', 'Androgynous'),
(60, 'Karin Karlmann', '30/03/1956', 'kkarlmann1n@princeton.edu', 'Fuscia', 'Intersex'),
(61, 'Jarrett Newens', '08/09/1909', 'jnewens1o@so-net.ne.jp', 'Red', 'Intersex'),
(62, 'Rustin Casbolt', '03/08/1982', 'rcasbolt1p@goo.gl', 'Crimson', 'Cisgender Female'),
(63, 'Sandra Hesser', '02/08/1979', 'shesser1q@slate.com', 'Aquamarine', 'Gender Questioning'),
(64, 'Quintilla Clapham', '04/10/1928', 'qclapham1r@howstuffworks.com', 'Mauv', 'Transsexual Person'),
(65, 'Mehetabel Paulitschke', '23/05/2037', 'mpaulitschke1s@booking.com', 'Maroon', 'Neutrois'),
(66, 'Annelise Potter', '03/04/1901', 'apotter1t@mysql.com', NULL, 'Transsexual Man'),
(67, 'Zorah Dunstone', '15/11/1984', 'zdunstone1u@examiner.com', 'Mauv', 'Transsexual Female'),
(68, 'Gill Danev', '15/10/1963', 'gdanev1v@blog.com', 'Indigo', 'Cis Male'),
(69, 'Julina Wrettum', '21/04/2011', 'jwrettum1w@123-reg.co.uk', 'Mauv', 'Gender Variant'),
(70, 'Bartolomeo Raigatt', '22/02/1952', 'braigatt1x@vistaprint.com', NULL, 'Cis Male'),
(71, 'Pat Flohard', '07/02/1954', 'pflohard1y@hostgator.com', 'Maroon', 'Androgyne'),
(72, 'Uriel Alcalde', '15/07/2048', 'ualcalde1z@hostgator.com', 'Goldenrod', 'Trans Male'),
(73, 'Kerrie Winson', '19/05/2000', 'kwinson20@ted.com', 'Blue', 'Male to Female'),
(74, 'Faulkner Blei', '10/06/1985', 'fblei21@infoseek.co.jp', 'Yellow', 'Cis'),
(75, 'Gabriell Truran', '18/06/1946', 'gtruran22@oakley.com', 'Violet', 'Two-Spirit'),
(76, 'Engracia Girling', '10/08/2002', 'egirling23@gnu.org', 'Violet', 'Transsexual Male'),
(77, 'Dew Pirrey', '15/10/1941', 'dpirrey24@hibu.com', 'Purple', 'Androgyne'),
(78, 'Gilly Idwal Evans', '19/07/1999', 'gidwal25@rambler.ru', 'Khaki', 'Neither'),
(79, 'Cassandre Gamett', '07/03/1905', 'cgamett26@jigsy.com', 'Purple', 'Transgender Female'),
(80, 'Gabi Roony', '05/08/1977', 'groony27@bizjournals.com', 'Purple', 'Transsexual Male'),
(81, 'Aleksandr Musk', '17/12/1900', 'amusk28@wsj.com', 'Yellow', 'Cisgender Man'),
(82, 'Dareen Geldeford', '27/04/1953', 'dgeldeford29@liveinternet.ru', 'Green', 'Cis Man'),
(83, 'Augie Shuttleworth', '15/09/2039', 'ashuttleworth2a@gmpg.org', 'Teal', 'Female to Male'),
(84, 'Rania Issacov', '11/05/2018', 'rissacov2b@macromedia.com', 'Goldenrod', 'Agender'),
(85, 'Danna Cabotto', '30/12/1947', 'dcabotto2c@eventbrite.com', 'Mauv', 'Two-Spirit'),
(86, 'Maisey Whitcomb', '31/01/1910', 'mwhitcomb2d@npr.org', 'Purple', 'Gender Nonconforming'),
(87, 'Arny Alti', '02/03/1916', 'aalti2e@time.com', 'Turquoise', 'Gender Fluid'),
(88, 'Emilee Camidge', '21/09/1984', 'ecamidge2f@google.ca', 'Fuscia', 'Neither'),
(89, 'Garrek Fitzsimons', '19/12/1919', 'gfitzsimons2g@harvard.edu', 'Crimson', 'Trans Female'),
(90, 'Carmine Ney', '23/05/2011', 'cney2h@biblegateway.com', 'Green', 'Gender Variant'),
(91, 'Rochelle Bunhill', '10/12/2049', 'rbunhill2i@comcast.net', 'Green', 'Cisgender'),
(92, 'Larissa Huetson', '27/02/2020', 'lhuetson2j@marketwatch.com', 'Khaki', 'Neutrois'),
(93, 'Cal Gloyens', '21/07/1990', 'cgloyens2k@dagondesign.com', 'Orange', 'Transgender Man'),
(94, 'Therine Colliford', '10/09/1940', 'tcolliford2l@weather.com', 'Turquoise', 'Gender Variant'),
(95, 'Sada Kingescot', '05/10/1949', 'skingescot2m@rakuten.co.jp', 'Teal', 'Cisgender Male'),
(96, 'Jethro Crimes', '30/06/2000', 'jcrimes2n@hatena.ne.jp', 'Teal', 'Cisgender Woman'),
(97, 'Ardelia Bayle', '14/10/2014', 'abayle2o@hhs.gov', 'Red', 'Trans Female'),
(98, 'Chantalle Shillabeare', '13/06/1910', 'cshillabeare2p@springer.com', 'Teal', 'Gender Variant'),
(99, 'Timi Trynor', '22/12/1999', 'ttrynor2q@theguardian.com', NULL, 'Genderqueer'),
(100, 'Emmerich Shave', '13/01/1956', 'eshave2r@jugem.jp', 'Khaki', 'Gender Variant'),
(101, 'Brittany Reisen', '01/12/1907', 'breisen2s@freewebs.com', 'Green', 'Cis Woman'),
(102, 'Adriaens Ede', '01/11/2030', 'aede2t@amazonaws.com', 'Green', 'Cis'),
(103, 'Wright Schimke', '12/03/1965', 'wschimke2u@nba.com', 'Pink', 'Transsexual Person'),
(104, 'Ashlen Mougeot', '20/11/1930', 'amougeot2v@uol.com.br', 'Violet', 'Cisgender Male'),
(105, 'Molly Embling', '21/06/1935', 'membling2w@zdnet.com', 'Yellow', 'Non-binary'),
(106, 'Jinny Reuven', '15/09/1990', 'jreuven2x@discuz.net', 'Indigo', 'Cisgender Male'),
(107, 'Gasper Monument', '04/03/1905', 'gmonument2y@addtoany.com', 'Aquamarine', 'Intersex'),
(108, 'Gertrude Munslow', '17/12/1923', 'gmunslow2z@cnet.com', 'Mauv', 'Neither'),
(109, 'Gelya Yekel', '11/08/1941', 'gyekel30@artisteer.com', NULL, 'Cis'),
(110, 'Doloritas Bidewell', '27/02/1992', 'dbidewell31@independent.co.uk', 'Turquoise', 'Transsexual Woman'),
(111, 'Cecilla Faichney', '04/04/1994', 'cfaichney32@dropbox.com', 'Yellow', 'Transsexual Woman'),
(112, 'Foss People', '20/09/2015', 'fpeople33@google.cn', 'Khaki', 'Genderqueer'),
(113, 'Helenelizabeth Simmill', '15/07/2031', 'hsimmill34@slate.com', 'Blue', 'Cisgender Woman'),
(114, 'Sheffie Keogh', '08/11/2007', 'skeogh35@example.com', 'Puce', 'Neutrois'),
(115, 'Sanderson Cocklin', '24/02/1949', 'scocklin36@1und1.de', 'Blue', 'Transgender'),
(116, 'Rosabel Divis', '10/02/1930', 'rdivis37@yale.edu', 'Aquamarine', 'Trans Man'),
(117, 'Starlene Gouldthorp', '14/12/1900', 'sgouldthorp38@artisteer.com', 'Pink', 'Transsexual'),
(118, 'Deedee Livesey', '11/02/1952', 'dlivesey39@github.com', NULL, 'Transsexual Female'),
(119, 'Gaile Moatt', '08/02/2026', 'gmoatt3a@meetup.com', 'Mauv', 'Transgender'),
(120, 'Kiel Spurrior', '17/06/1915', 'kspurrior3b@gmpg.org', NULL, 'Trans Male'),
(121, 'Taddeusz Harome', '19/01/1973', 'tharome3c@usda.gov', 'Mauv', 'Agender'),
(122, 'Farrand Borer', '29/12/1980', 'fborer3d@google.co.jp', 'Orange', 'Pangender'),
(123, 'Ora Cancutt', '12/08/2049', 'ocancutt3e@wiley.com', 'Crimson', 'Trans Man'),
(124, 'Abigail Yendall', '04/05/1971', 'ayendall3f@sohu.com', 'Yellow', 'Gender Questioning'),
(125, 'Nikita Weatherup', '07/07/1971', 'nweatherup3g@sciencedirect.com', NULL, 'Neither'),
(126, 'Everard Elsdon', '07/03/1926', 'eelsdon3h@weebly.com', 'Indigo', 'Gender Fluid'),
(127, 'Malanie Fassam', '07/04/1914', 'mfassam3i@aol.com', 'Violet', 'Androgyne'),
(128, 'Xylia O Liddy', '27/11/1982', 'xo3j@prnewswire.com', 'Green', 'Other'),
(129, 'Trista Urry', '19/04/2007', 'turry3k@studiopress.com', 'Indigo', 'Transsexual Person'),
(130, 'Cory Braniff', '10/02/1965', 'cbraniff3l@chron.com', 'Puce', 'Female to Male'),
(131, 'Rafaela Leming', '21/08/2038', 'rleming3m@latimes.com', 'Indigo', 'Agender'),
(132, 'Joe Abyss', '19/10/1935', 'jabyss3n@jiathis.com', 'Khaki', 'Transsexual Man'),
(133, 'Law Mendoza', '05/04/2031', 'lmendoza3o@oracle.com', NULL, 'FTM'),
(134, 'Eli Rapper', '08/07/1959', 'erapper3p@drupal.org', 'Pink', 'Gender Nonconforming'),
(135, 'Kile Doucette', '02/11/1965', 'kdoucette3q@clickbank.net', 'Aquamarine', 'Cisgender Female'),
(136, 'Honor Pairpoint', '30/12/1992', 'hpairpoint3r@cyberchimps.com', 'Maroon', 'Transgender Person'),
(137, 'Layney Pitrasso', '04/04/2022', 'lpitrasso3s@jalbum.net', 'Pink', 'Trans'),
(138, 'Zena Kempston', '30/04/2007', 'zkempston3t@dedecms.com', 'Teal', 'Transsexual Woman'),
(139, 'Lanita Ledwidge', '16/09/1907', 'lledwidge3u@scribd.com', NULL, 'Transsexual Man'),
(140, 'Emelia Vamplew', '02/10/1972', 'evamplew3v@globo.com', 'Purple', 'Male to Female'),
(141, 'Margarethe Beetlestone', '07/04/1993', 'mbeetlestone3w@ustream.tv', 'Green', 'MTF'),
(142, 'Muhammad Chaston', '16/12/1907', 'mchaston3x@amazon.de', 'Mauv', 'Gender Variant'),
(143, 'Elsi Rosenzveig', '26/12/1992', 'erosenzveig3y@wsj.com', NULL, 'Male to Female'),
(144, 'Mathe Hurrell', '19/02/1969', 'mhurrell3z@gravatar.com', 'Purple', 'Cisgender Male'),
(145, 'Belinda Cisland', '13/07/1934', 'bcisland40@opensource.org', 'Yellow', 'Cis Man'),
(146, 'Franzen Jacobovitch', '07/08/1962', 'fjacobovitch41@usgs.gov', 'Teal', 'Gender Nonconforming'),
(147, 'Mollie Blackway', '21/04/1972', 'mblackway42@cocolog-nifty.com', 'Puce', 'Transsexual Man'),
(148, 'Bev Cuming', '17/03/1943', 'bcuming43@china.com.cn', 'Green', 'Gender Fluid'),
(149, 'Weider McIntosh', '22/01/1921', 'wmcintosh44@fc2.com', 'Purple', 'Cis Woman'),
(150, 'Janka Ranscombe', '27/10/2012', 'jranscombe45@ycombinator.com', 'Pink', 'Cis Woman'),
(151, 'Jacky Capes', '08/02/1966', 'jcapes46@cbslocal.com', NULL, 'Trans Woman'),
(152, 'Dorelle Bendtsen', '20/02/1960', 'dbendtsen47@prlog.org', 'Purple', 'Transfeminine'),
(153, 'Liuka Haskew', '30/10/1922', 'lhaskew48@utexas.edu', 'Indigo', 'Transgender'),
(154, 'Hally Scothorne', '27/03/1956', 'hscothorne49@networkadvertising.org', 'Purple', 'Gender Variant'),
(155, 'Chen Kigelman', '09/06/2024', 'ckigelman4a@techcrunch.com', 'Purple', 'Male to Female'),
(156, 'Sabina Velareal', '22/11/2005', 'svelareal4b@barnesandnoble.com', 'Orange', 'Transsexual Person'),
(157, 'Ellis Pudsey', '30/05/2013', 'epudsey4c@oracle.com', 'Maroon', 'Transgender Person'),
(158, 'Danice Pinkerton', '15/08/2050', 'dpinkerton4d@prnewswire.com', NULL, 'Cis Male'),
(159, 'Lynn Davydochkin', '11/10/1939', 'ldavydochkin4e@exblog.jp', NULL, 'Gender Nonconforming'),
(160, 'Reginauld Fagence', '31/05/1920', 'rfagence4f@comsenz.com', NULL, 'Transsexual Female'),
(161, 'Sayer Osbidston', '29/07/1992', 'sosbidston4g@naver.com', 'Maroon', 'Transgender Person'),
(162, 'Deborah Kelberman', '03/04/1975', 'dkelberman4h@xing.com', 'Turquoise', 'Cisgender Female'),
(163, 'Janie Blunsden', '02/11/1908', 'jblunsden4i@sakura.ne.jp', 'Blue', 'Cis'),
(164, 'Bernardine Chellingworth', '17/03/1989', 'bchellingworth4j@va.gov', 'Maroon', 'Androgyne'),
(165, 'Vinnie Ringsell', '24/07/2047', 'vringsell4k@stumbleupon.com', 'Mauv', 'Transfeminine'),
(166, 'Fionnula Meaddowcroft', '03/11/1984', 'fmeaddowcroft4l@ning.com', 'Pink', 'Female to Male'),
(167, 'Raoul Duigenan', '03/11/1989', 'rduigenan4m@purevolume.com', 'Goldenrod', 'Transgender Male'),
(168, 'Melissa Fowley', '24/01/1910', 'mfowley4n@macromedia.com', 'Maroon', 'Cisgender'),
(169, 'Artemis Menier', '21/02/1914', 'amenier4o@ehow.com', NULL, 'Trans Man'),
(170, 'Diahann Fidler', '20/03/1919', 'dfidler4p@rambler.ru', 'Purple', 'MTF'),
(171, 'Gideon Cacacie', '07/10/2019', 'gcacacie4q@webeden.co.uk', 'Blue', 'Cis Woman'),
(172, 'Bennie Kemet', '29/11/1963', 'bkemet4r@intel.com', 'Crimson', 'Female to Male'),
(173, 'Mikael Jennions', '10/01/1972', 'mjennions4s@reference.com', 'Pink', 'Transgender Female'),
(174, 'Giana Yegorkin', '04/04/2041', 'gyegorkin4t@salon.com', 'Mauv', 'Androgynous'),
(175, 'Rockie Holsey', '19/11/1938', 'rholsey4u@hostgator.com', 'Aquamarine', 'Trans Man'),
(176, 'Daniela Lincke', '23/01/1902', 'dlincke4v@multiply.com', 'Mauv', 'Transsexual Female'),
(177, 'Lesli Fernant', '10/03/1982', 'lfernant4w@lulu.com', 'Mauv', 'Trans Woman'),
(178, 'Loni McCreedy', '15/12/1978', 'lmccreedy4x@jiathis.com', 'Yellow', 'Cisgender Man'),
(179, 'Rora Witten', '28/10/1999', 'rwitten4y@friendfeed.com', 'Crimson', 'MTF'),
(180, 'Dalis Wank', '01/11/1977', 'dwank4z@vimeo.com', 'Green', 'Trans'),
(181, 'Edee Mattosoff', '25/01/1982', 'emattosoff50@sohu.com', 'Maroon', 'Gender Fluid'),
(182, 'Petra Upton', '11/09/2020', 'pupton51@desdev.cn', NULL, 'Cisgender'),
(183, 'Westbrook Bogart', '23/02/2047', 'wbogart52@unicef.org', 'Aquamarine', 'Transsexual'),
(184, 'Lyndell Boichat', '07/03/1934', 'lboichat53@netscape.com', 'Green', 'Gender Variant'),
(185, 'Jessalyn Quilleash', '01/05/1977', 'jquilleash54@flavors.me', 'Teal', 'Trans'),
(186, 'Monika Bevan', '02/07/1931', 'mbevan55@wikimedia.org', 'Teal', 'Gender Fluid'),
(187, 'Bjorn Darkins', '24/12/2009', 'bdarkins56@amazonaws.com', 'Indigo', 'Bigender'),
(188, 'Bernardo Togwell', '09/04/2038', 'btogwell57@google.fr', 'Blue', 'FTM'),
(189, 'Frans Josling', '18/12/1923', 'fjosling58@miitbeian.gov.cn', 'Blue', 'Genderqueer'),
(190, 'Bryn Mossop', '11/01/1977', 'bmossop59@nsw.gov.au', 'Teal', 'MTF'),
(191, 'Kris Whiteford', '29/01/2031', 'kwhiteford5a@deliciousdays.com', 'Crimson', 'Neutrois'),
(192, 'Casar Watson-Brown', '04/06/1936', 'cwatsonbrown5b@aol.com', 'Purple', 'Trans Female'),
(193, 'Brinna Oldall', '31/12/1990', 'boldall5c@discuz.net', NULL, 'Trans Man'),
(194, 'Jamaal Dradey', '11/07/1987', 'jdradey5d@sfgate.com', 'Purple', 'Cis Man'),
(195, 'Reinwald Gunbie', '20/11/2019', 'rgunbie5e@google.pl', NULL, 'Agender'),
(196, 'Hastings Pren', '17/05/1998', 'hpren5f@bbc.co.uk', 'Maroon', 'Transgender Man'),
(197, 'Lianne Benley', '08/12/1937', 'lbenley5g@discovery.com', 'Maroon', 'Bigender'),
(198, 'Jeremiah Yates', '01/10/2049', 'jyates5h@com.com', 'Yellow', 'Gender Questioning'),
(199, 'Wash de Merida', '05/10/2013', 'wde5i@google.it', 'Orange', 'Gender Nonconforming'),
(200, 'Bobine Sharkey', '23/01/1922', 'bsharkey5j@netscape.com', 'Purple', 'Cisgender Woman'),
(201, 'Annadiane Bever', '21/11/1987', 'abever5k@privacy.gov.au', 'Mauv', 'Gender Nonconforming'),
(202, 'Ema Grassi', '08/09/1911', 'egrassi5l@cbsnews.com', 'Green', 'Trans Female'),
(203, 'Roger Beaulieu', '10/03/1926', 'rbeaulieu5m@moonfruit.com', 'Violet', 'FTM'),
(204, 'Arliene Ebunoluwa', '18/06/2025', 'aebunoluwa5n@rediff.com', 'Puce', 'Trans Male'),
(205, 'Dory Asp', '09/07/2034', 'dasp5o@pbs.org', 'Violet', 'Cis Female'),
(206, 'Petronilla Loynes', '30/05/1975', 'ploynes5p@bandcamp.com', 'Pink', 'Male to Female'),
(207, 'Teodora Gallie', '21/01/1905', 'tgallie5q@sogou.com', 'Violet', 'Neither'),
(208, 'Gregorio Corrison', '17/06/1980', 'gcorrison5r@reuters.com', 'Aquamarine', 'Cis'),
(209, 'Denni Vampouille', '20/02/1981', 'dvampouille5s@linkedin.com', NULL, 'Transgender'),
(210, 'Lodovico Easterby', '03/08/1900', 'leasterby5t@acquirethisname.com', 'Aquamarine', 'Transgender Man'),
(211, 'Jackie Hawler', '26/11/2028', 'jhawler5u@cbslocal.com', 'Green', 'Cisgender Woman'),
(212, 'Lyndsie Baytrop', '10/02/2042', 'lbaytrop5v@buzzfeed.com', NULL, 'Trans Male'),
(213, 'Patin Bockett', '22/11/1959', 'pbockett5w@wired.com', NULL, 'Transgender'),
(214, 'Derick Goodfellowe', '29/03/1943', 'dgoodfellowe5x@naver.com', 'Turquoise', 'Transgender Person'),
(215, 'Eduino Maffulli', '27/10/1934', 'emaffulli5y@photobucket.com', 'Crimson', 'Cis Man'),
(216, 'Emmanuel Wynter', '29/08/1912', 'ewynter5z@cbslocal.com', 'Crimson', 'Pangender'),
(217, 'Stafani Slarke', '13/03/1954', 'sslarke60@auda.org.au', 'Teal', 'Cisgender Female'),
(218, 'Mercedes Kynman', '19/11/1975', 'mkynman61@blogspot.com', 'Puce', 'Transsexual Man'),
(219, 'Lindsay Semrad', '29/11/2011', 'lsemrad62@dailymotion.com', NULL, 'Pangender'),
(220, 'Albert Phettis', '11/04/2025', 'aphettis63@hugedomains.com', 'Mauv', 'Intersex'),
(221, 'Beverie Falkner', '28/12/1936', 'bfalkner64@amazon.com', 'Orange', 'Pangender'),
(222, 'Margarethe Beatty', '18/03/1970', 'mbeatty65@auda.org.au', 'Teal', 'Androgyne'),
(223, 'Bill Barton', '04/11/1931', 'bbarton66@phoca.cz', 'Aquamarine', 'Transgender Man'),
(224, 'Cindy Millichip', '30/11/1930', 'cmillichip67@freewebs.com', 'Aquamarine', 'Bigender'),
(225, 'Simmonds Kinman', '12/03/1927', 'skinman68@nifty.com', 'Red', 'Gender Nonconforming'),
(226, 'Panchito Mc Comb', '24/10/1965', 'pmc69@senate.gov', 'Goldenrod', 'Transsexual'),
(227, 'El Bussey', '07/11/2030', 'ebussey6a@exblog.jp', NULL, 'Non-binary'),
(228, 'Malorie Middlemist', '19/07/2037', 'mmiddlemist6b@over-blog.com', 'Turquoise', 'Transgender Female'),
(229, 'Adela Cloke', '26/07/1902', 'acloke6c@businessinsider.com', 'Turquoise', 'Gender Questioning'),
(230, 'Evonne Beake', '30/03/1957', 'ebeake6d@ucoz.ru', 'Aquamarine', 'Bigender'),
(231, 'Mohandis Cowsby', '19/01/1957', 'mcowsby6e@hhs.gov', 'Purple', 'Cisgender Female'),
(232, 'Lizbeth Conachy', '18/06/1947', 'lconachy6f@fc2.com', 'Blue', 'Cisgender Man'),
(233, 'Ellis Novis', '15/09/2036', 'enovis6g@seesaa.net', NULL, 'Androgynous'),
(234, 'Kaitlynn Job', '13/03/2038', 'kjob6h@rediff.com', 'Teal', 'Transgender Person'),
(235, 'Allianora Drance', '19/09/1987', 'adrance6i@discuz.net', 'Purple', 'Male to Female'),
(236, 'Meara Denial', '30/11/1911', 'mdenial6j@dailymail.co.uk', 'Goldenrod', 'Gender Fluid'),
(237, 'Daphna Ingley', '11/11/2001', 'dingley6k@godaddy.com', 'Goldenrod', 'Trans'),
(238, 'Laughton Terrelly', '24/03/2010', 'lterrelly6l@examiner.com', 'Red', 'Gender Variant'),
(239, 'Ellwood Klesl', '31/03/1976', 'eklesl6m@answers.com', 'Turquoise', 'Cisgender Male'),
(240, 'Jobina Coase', '12/09/1996', 'jcoase6n@timesonline.co.uk', 'Mauv', 'Transsexual Person'),
(241, 'Jyoti Corderoy', '30/01/1915', 'jcorderoy6o@themeforest.net', 'Khaki', 'FTM'),
(242, 'Daren Gegg', '30/08/2047', 'dgegg6p@topsy.com', 'Mauv', 'Cisgender Male'),
(243, 'Elva Maleck', '20/01/1980', 'emaleck6q@princeton.edu', 'Puce', 'Trans Male'),
(244, 'Selma Maken', '23/07/1927', 'smaken6r@hubpages.com', 'Green', 'Bigender'),
(245, 'Angie Shafto', '30/12/2002', 'ashafto6s@g.co', 'Teal', 'Cisgender Female'),
(246, 'Allison Moan', '18/06/1904', 'amoan6t@over-blog.com', 'Blue', 'Transsexual Person'),
(247, 'Selig Coneybeare', '20/10/1956', 'sconeybeare6u@apache.org', 'Pink', 'Genderqueer'),
(248, 'Peadar Bloomfield', '16/12/1939', 'pbloomfield6v@tinypic.com', 'Orange', 'Transsexual Female'),
(249, 'Boigie Sebrook', '25/01/2030', 'bsebrook6w@icio.us', NULL, 'Female to Male'),
(250, 'Glynn La Padula', '03/02/1926', 'gla6x@wix.com', 'Blue', 'FTM'),
(251, 'Clemmy Ren', '04/11/2048', 'cren6y@sogou.com', 'Fuscia', 'Cisgender Man'),
(252, 'Ashil Muffen', '18/01/2041', 'amuffen6z@timesonline.co.uk', NULL, 'Transsexual Person'),
(253, 'Louie Rossant', '14/05/1954', 'lrossant70@mozilla.org', 'Green', 'Cis Man'),
(254, 'Elmo Frizzell', '13/03/1929', 'efrizzell71@pbs.org', 'Mauv', 'Transsexual Man'),
(255, 'Donovan Stuffins', '01/08/1905', 'dstuffins72@desdev.cn', 'Purple', 'Cisgender Male'),
(256, 'Vernen Spykins', '27/11/1976', 'vspykins73@netlog.com', 'Pink', 'Neutrois'),
(257, 'Ulrikaumeko Weddup', '22/12/1967', 'uweddup74@google.it', NULL, 'Transsexual Male'),
(258, 'Ban Sloy', '01/11/1995', 'bsloy75@deviantart.com', 'Aquamarine', 'Other'),
(259, 'Darya Holgan', '20/01/2022', 'dholgan76@scientificamerican.com', 'Green', 'Transgender'),
(260, 'Jarret Lathey', '14/11/1974', 'jlathey77@pcworld.com', 'Purple', 'Cisgender Male'),
(261, 'Hayyim Roddam', '27/04/2012', 'hroddam78@biblegateway.com', 'Teal', 'Transsexual Female'),
(262, 'Tabbie Espinoy', '09/07/1948', 'tespinoy79@shinystat.com', 'Yellow', 'Two-Spirit'),
(263, 'Anselma Poletto', '16/04/1978', 'apoletto7a@twitter.com', NULL, 'Gender Nonconforming'),
(264, 'Dalenna Soles', '09/12/1973', 'dsoles7b@lulu.com', 'Puce', 'Gender Variant'),
(265, 'Max Andric', '26/12/2040', 'mandric7c@answers.com', 'Khaki', 'Agender'),
(266, 'Will Suscens', '19/07/2001', 'wsuscens7d@google.co.uk', 'Crimson', 'Cis Female'),
(267, 'Karia Niesegen', '15/05/1912', 'kniesegen7e@apple.com', 'Blue', 'Trans Male'),
(268, 'Michal Sloey', '14/02/1920', 'msloey7f@ow.ly', 'Pink', 'Transmasculine'),
(269, 'Graehme Biskupek', '07/08/1991', 'gbiskupek7g@cornell.edu', 'Red', 'Gender Nonconforming'),
(270, 'Margery ORiordan', '01/07/2030', 'moriordan7h@dagondesign.com', 'Green', 'Cis Male'),
(271, 'Ninnetta Staines', '28/04/1983', 'nstaines7i@spotify.com', 'Teal', 'Cis Man'),
(272, 'Auberon Drydale', '02/06/2010', 'adrydale7j@gnu.org', 'Maroon', 'Transgender Female'),
(273, 'Bunnie Haller', '04/07/1961', 'bhaller7k@netvibes.com', 'Red', 'Cis Woman'),
(274, 'Miller Ackroyd', '29/04/1962', 'mackroyd7l@twitpic.com', 'Orange', 'Transgender Man'),
(275, 'Evered McTerry', '02/10/1949', 'emcterry7m@cbsnews.com', 'Yellow', 'Genderqueer'),
(276, 'Stanislas Wandrey', '09/07/1965', 'swandrey7n@hp.com', 'Goldenrod', 'Two-Spirit'),
(277, 'Perren Tapin', '05/10/1904', 'ptapin7o@usda.gov', 'Goldenrod', 'Non-binary'),
(278, 'Marty Lage', '16/07/1950', 'mlage7p@nba.com', 'Orange', 'Transmasculine'),
(279, 'Ingra Blackstock', '13/10/2003', 'iblackstock7q@edublogs.org', 'Mauv', 'Genderqueer'),
(280, 'Mabel Gregh', '18/01/1934', 'mgregh7r@friendfeed.com', NULL, 'Transgender Person'),
(281, 'Domeniga Slate', '11/12/1926', 'dslate7s@dedecms.com', NULL, 'Agender'),
(282, 'Neil Olenichev', '24/03/2026', 'nolenichev7t@statcounter.com', 'Crimson', 'Genderqueer'),
(283, 'Simmonds Ceney', '30/01/2041', 'sceney7u@latimes.com', 'Yellow', 'Trans Person'),
(284, 'Zuzana Mannie', '27/02/2009', 'zmannie7v@mlb.com', 'Purple', 'Transmasculine'),
(285, 'Lina Grouer', '20/07/2032', 'lgrouer7w@google.it', 'Blue', 'Neither'),
(286, 'Buckie Colbridge', '14/03/2004', 'bcolbridge7x@typepad.com', 'Pink', 'FTM'),
(287, 'Wilburt Pughe', '23/04/1973', 'wpughe7y@sbwire.com', 'Mauv', 'Cis Male'),
(288, 'Kincaid Crawshay', '13/12/2036', 'kcrawshay7z@amazon.de', NULL, 'Cisgender Female'),
(289, 'Thatch McTeer', '19/12/1906', 'tmcteer80@tripadvisor.com', 'Orange', 'Cisgender Male'),
(290, 'Winnah Laurens', '15/05/1934', 'wlaurens81@nih.gov', 'Pink', 'Trans'),
(291, 'Aileen Ludye', '05/01/1998', 'aludye82@baidu.com', 'Indigo', 'Two-Spirit'),
(292, 'Jedediah Willshere', '03/02/2034', 'jwillshere83@kickstarter.com', NULL, 'Trans Female'),
(293, 'Barty Bletcher', '09/10/1905', 'bbletcher84@howstuffworks.com', 'Fuscia', 'Neither'),
(294, 'Arny Hellwig', '28/10/1903', 'ahellwig85@sogou.com', 'Turquoise', 'Non-binary'),
(295, 'Dusty Castana', '18/09/2010', 'dcastana86@msu.edu', 'Pink', 'Cisgender Male'),
(296, 'Alwin Goodburn', '27/02/1972', 'agoodburn87@etsy.com', 'Blue', 'Neither'),
(297, 'Antony Greally', '05/08/2038', 'agreally88@tinyurl.com', 'Red', 'Cisgender Man'),
(298, 'Cosimo Gynn', '21/08/2033', 'cgynn89@rambler.ru', 'Red', 'Non-binary'),
(299, 'Lidia Dunnan', '21/09/1921', 'ldunnan8a@constantcontact.com', 'Goldenrod', 'Intersex'),
(300, 'Hermie Mauditt', '03/03/1951', 'hmauditt8b@deviantart.com', 'Orange', 'Other'),
(301, 'Tatiana Simonato', '05/07/1989', 'tsimonato8c@mac.com', 'Aquamarine', 'Trans Woman'),
(302, 'Leonardo Franzelini', '19/06/1910', 'lfranzelini8d@blogspot.com', 'Turquoise', 'Transsexual'),
(303, 'Alexandro Jacop', '19/11/1974', 'ajacop8e@yahoo.co.jp', 'Green', 'Trans'),
(304, 'Toni Darnbrough', '21/03/1909', 'tdarnbrough8f@addthis.com', 'Mauv', 'Trans Woman'),
(305, 'Dixie Rubinowitch', '14/01/2033', 'drubinowitch8g@google.fr', 'Maroon', 'Transsexual Male'),
(306, 'Catlaina Warn', '06/05/2033', 'cwarn8h@wsj.com', 'Orange', 'Gender Questioning'),
(307, 'Mallorie Iacovielli', '23/12/1921', 'miacovielli8i@nih.gov', 'Turquoise', 'Cis Female'),
(308, 'Rodolphe Ethersey', '22/08/1983', 'rethersey8j@discovery.com', 'Green', 'Female to Male'),
(309, 'Fabio Jarrard', '16/04/1907', 'fjarrard8k@lycos.com', 'Green', 'Intersex'),
(310, 'Reinhold Hoopper', '05/02/2040', 'rhoopper8l@digg.com', 'Green', 'MTF'),
(311, 'Meagan OBeirne', '28/06/1994', 'mobeirne8m@miitbeian.gov.cn', NULL, 'Gender Variant'),
(312, 'Clo Teacy', '20/06/1932', 'cteacy8n@yahoo.com', 'Orange', 'Transsexual Man'),
(313, 'Sofia Creeboe', '30/11/1944', 'screeboe8o@arizona.edu', 'Orange', 'Cisgender Woman'),
(314, 'Demetria Fearns', '21/01/1968', 'dfearns8p@nydailynews.com', 'Yellow', 'Trans Female'),
(315, 'Carolyne Hindmoor', '28/12/1904', 'chindmoor8q@ftc.gov', 'Orange', 'Transsexual Female'),
(316, 'Kelcy McPartling', '24/12/1905', 'kmcpartling8r@senate.gov', 'Mauv', 'Trans Woman'),
(317, 'Isabella Paslow', '06/08/2002', 'ipaslow8s@omniture.com', 'Blue', 'Genderqueer'),
(318, 'Frederigo Gabotti', '11/08/1949', 'fgabotti8t@ustream.tv', 'Red', 'Cisgender'),
(319, 'Hayley Gliddon', '10/07/1911', 'hgliddon8u@odnoklassniki.ru', 'Turquoise', 'Cis Male'),
(320, 'Reeta Huggill', '26/08/1996', 'rhuggill8v@paypal.com', 'Green', 'Male to Female'),
(321, 'Mortimer Fain', '20/08/2015', 'mfain8w@digg.com', 'Maroon', 'Cis Male'),
(322, 'Odelia Cristofori', '25/11/1978', 'ocristofori8x@google.nl', 'Maroon', 'Male to Female'),
(323, 'Stevena Pomery', '31/07/1939', 'spomery8y@nih.gov', 'Aquamarine', 'Transsexual'),
(324, 'Obadias Lowcock', '24/06/1977', 'olowcock8z@privacy.gov.au', NULL, 'Intersex'),
(325, 'Amelia Juett', '27/11/1934', 'ajuett90@youku.com', 'Green', 'Neutrois'),
(326, 'Mickie Thody', '10/11/2017', 'mthody91@wikispaces.com', 'Khaki', 'Transgender Person'),
(327, 'Mellisent Bannister', '01/04/2019', 'mbannister92@google.ca', NULL, 'Cis Man'),
(328, 'Thorvald DAubney', '04/11/1925', 'tdaubney93@umn.edu', 'Orange', 'Transsexual Man'),
(329, 'Sarette Morbey', '31/01/2005', 'smorbey94@merriam-webster.com', 'Indigo', 'Transfeminine'),
(330, 'Bartholomeus Bouda', '21/05/1964', 'bbouda95@wikia.com', 'Orange', 'Trans Man'),
(331, 'Steffie de Wilde', '15/09/1957', 'sde96@hc360.com', 'Fuscia', 'Trans Person'),
(332, 'Osborn Luno', '17/05/2040', 'oluno97@slate.com', 'Maroon', 'Trans'),
(333, 'Bernice Woodcock', '26/06/1968', 'bwoodcock98@stanford.edu', 'Maroon', 'MTF'),
(334, 'Claudianus Lavall', '16/03/2050', 'clavall99@theguardian.com', NULL, 'MTF'),
(335, 'Karly Allom', '30/05/2048', 'kallom9a@quantcast.com', 'Indigo', 'Other'),
(336, 'Janet Huguenet', '24/08/2031', 'jhuguenet9b@naver.com', 'Teal', 'Cis Man'),
(337, 'Del Vasilyonok', '11/02/1929', 'dvasilyonok9c@booking.com', 'Crimson', 'Cis Woman'),
(338, 'Mabel Gisburne', '19/02/1998', 'mgisburne9d@addthis.com', 'Crimson', 'Transgender Man'),
(339, 'Christi Moorton', '14/05/1966', 'cmoorton9e@huffingtonpost.com', 'Mauv', 'Androgyne'),
(340, 'Zorana Barritt', '22/04/1960', 'zbarritt9f@forbes.com', 'Khaki', 'Genderqueer'),
(341, 'Johnny Deye', '07/09/1960', 'jdeye9g@chron.com', 'Crimson', 'Cis Woman'),
(342, 'Dell Friar', '16/08/1998', 'dfriar9h@issuu.com', 'Orange', 'Transgender Male'),
(343, 'Cindee Thring', '05/09/2007', 'cthring9i@marriott.com', NULL, 'Cisgender Male'),
(344, 'Giuseppe Jaskowicz', '21/09/1997', 'gjaskowicz9j@mail.ru', 'Goldenrod', 'Gender Questioning'),
(345, 'Pavia Stennard', '03/12/1965', 'pstennard9k@sitemeter.com', 'Violet', 'Cisgender Woman'),
(346, 'Deana Cholwell', '16/02/1929', 'dcholwell9l@fda.gov', NULL, 'Gender Nonconforming'),
(347, 'Maureene Verissimo', '10/02/2030', 'mverissimo9m@blogtalkradio.com', 'Purple', 'Agender'),
(348, 'Dunn Colin', '03/05/1924', 'dcolin9n@domainmarket.com', 'Blue', 'Gender Questioning'),
(349, 'Tanya Spraggs', '14/11/1924', 'tspraggs9o@linkedin.com', 'Fuscia', 'Transsexual Person'),
(350, 'Justin Bingell', '14/04/1973', 'jbingell9p@baidu.com', 'Green', 'Cis Woman'),
(351, 'Susan Sybry', '04/05/1905', 'ssybry9q@prnewswire.com', 'Orange', 'Bigender'),
(352, 'Trenna Lapsley', '26/03/2007', 'tlapsley9r@weebly.com', 'Khaki', 'Transsexual Person'),
(353, 'Aurthur Bentote', '23/04/1930', 'abentote9s@nasa.gov', 'Red', 'Transmasculine'),
(354, 'Ericha Sneesby', '04/10/1928', 'esneesby9t@nih.gov', 'Yellow', 'Transgender Person'),
(355, 'Archibaldo Pretti', '28/03/1934', 'apretti9u@vk.com', 'Purple', 'Transsexual Woman'),
(356, 'Ignacius Lunnon', '02/07/2028', 'ilunnon9v@java.com', 'Blue', 'Transsexual Woman'),
(357, 'Augustine Burchfield', '26/04/1955', 'aburchfield9w@ustream.tv', NULL, 'Transfeminine'),
(358, 'Roby Dalliwater', '09/02/1982', 'rdalliwater9x@ocn.ne.jp', 'Maroon', 'Trans Woman'),
(359, 'Robers Bortolazzi', '23/05/2045', 'rbortolazzi9y@last.fm', NULL, 'Gender Variant'),
(360, 'Otto Kibbel', '11/06/1901', 'okibbel9z@china.com.cn', 'Fuscia', 'Cisgender'),
(361, 'Claudianus Embra', '23/04/1948', 'cembraa0@wp.com', 'Crimson', 'Cisgender Female'),
(362, 'Enid Daudray', '07/03/2019', 'edaudraya1@macromedia.com', 'Aquamarine', 'Cis Male'),
(363, 'Samuel Fudge', '07/11/1941', 'sfudgea2@usda.gov', 'Green', 'Gender Variant'),
(364, 'Jamil Hall', '27/02/1980', 'jhalla3@diigo.com', 'Yellow', 'MTF'),
(365, 'Corrie Kuhn', '03/11/2035', 'ckuhna4@seesaa.net', 'Green', 'FTM'),
(366, 'Gerard Saundercock', '07/06/1917', 'gsaundercocka5@auda.org.au', 'Teal', 'Cis Woman'),
(367, 'Niko Stoffels', '02/02/1932', 'nstoffelsa6@skype.com', 'Fuscia', 'Transsexual Male'),
(368, 'Melicent Mitkin', '10/02/2050', 'mmitkina7@zimbio.com', 'Goldenrod', 'Transgender Person'),
(369, 'Idelle Osipenko', '16/10/1915', 'iosipenkoa8@ca.gov', 'Purple', 'Cis Female'),
(370, 'Yurik Gregine', '01/11/2010', 'ygreginea9@google.fr', NULL, 'Transsexual Person'),
(371, 'Brand Greally', '08/12/2046', 'bgreallyaa@abc.net.au', 'Puce', 'Transgender'),
(372, 'Hall Dabnor', '31/08/2030', 'hdabnorab@who.int', 'Pink', 'Gender Fluid'),
(373, 'Remus Bizzey', '12/11/1910', 'rbizzeyac@pagesperso-orange.fr', 'Indigo', 'Pangender'),
(374, 'Eugenia Pile', '17/03/1952', 'epilead@walmart.com', 'Purple', 'Transgender Male'),
(375, 'Marabel DAguanno', '27/09/1938', 'mdaguannoae@blog.com', 'Yellow', 'Transgender Person'),
(376, 'Linus Chappel', '16/06/1990', 'lchappelaf@diigo.com', 'Khaki', 'Neutrois'),
(377, 'Tove Orriss', '14/04/1903', 'torrissag@google.co.uk', 'Green', 'Trans Female'),
(378, 'Tad Kennford', '05/10/1942', 'tkennfordah@adobe.com', 'Purple', 'Transsexual Woman'),
(379, 'Natty Bowser', '14/12/1940', 'nbowserai@ehow.com', 'Goldenrod', 'Cis Female'),
(380, 'Silvano Fenn', '07/11/2043', 'sfennaj@cpanel.net', NULL, 'Transsexual Man'),
(381, 'Danella Nathon', '19/05/1979', 'dnathonak@wordpress.com', NULL, 'Intersex'),
(382, 'Manda Hruska', '05/08/1909', 'mhruskaal@techcrunch.com', 'Purple', 'Gender Nonconforming'),
(383, 'Tabatha Halwood', '30/11/1992', 'thalwoodam@biblegateway.com', 'Violet', 'MTF'),
(384, 'Amabel Godsell', '24/07/2050', 'agodsellan@nifty.com', 'Teal', 'Intersex'),
(385, 'Emmi Haggerwood', '03/12/1942', 'ehaggerwoodao@walmart.com', 'Aquamarine', 'Trans Female'),
(386, 'Adiana Braznell', '13/07/1957', 'abraznellap@4shared.com', NULL, 'Transsexual Man'),
(387, 'Smitty Bannerman', '20/09/2046', 'sbannermanaq@craigslist.org', 'Purple', 'Transsexual Woman'),
(388, 'Malena Urion', '29/07/2022', 'murionar@google.com.au', 'Orange', 'Female to Male'),
(389, 'Griselda Brosi', '09/09/1982', 'gbrosias@usnews.com', 'Violet', 'Neither'),
(390, 'Gayler L Anglois', '29/01/2022', 'glat@feedburner.com', 'Fuscia', 'Pangender'),
(391, 'Allina Chazotte', '01/11/1942', 'achazotteau@github.com', 'Yellow', 'Transfeminine'),
(392, 'Giorgio Cuniam', '03/01/2007', 'gcuniamav@godaddy.com', 'Crimson', 'Cisgender'),
(393, 'Natty Mazzilli', '18/05/1962', 'nmazzilliaw@weibo.com', 'Fuscia', 'Transsexual Male'),
(394, 'Adriena Carverhill', '26/09/2044', 'acarverhillax@123-reg.co.uk', NULL, 'Female to Male'),
(395, 'Gretel Dockrill', '12/08/1964', 'gdockrillay@businessinsider.com', 'Indigo', 'Trans'),
(396, 'Ailee McLay', '10/09/1903', 'amclayaz@ft.com', 'Maroon', 'Neither'),
(397, 'Marti Medhurst', '09/06/2044', 'mmedhurstb0@wunderground.com', 'Teal', 'Cisgender Woman'),
(398, 'Arnuad Nitto', '16/08/1929', 'anittob1@4shared.com', 'Aquamarine', 'Transsexual Male'),
(399, 'Siegfried Salatino', '23/04/1936', 'ssalatinob2@irs.gov', 'Aquamarine', 'Other'),
(400, 'Georges Ewells', '28/02/1989', 'gewellsb3@artisteer.com', 'Puce', 'Transsexual Male'),
(401, 'Vaughan Hanburry', '16/01/2019', 'vhanburryb4@epa.gov', 'Aquamarine', 'Cisgender Man'),
(402, 'Reggis Broadwood', '29/08/1906', 'rbroadwoodb5@forbes.com', 'Teal', 'Two-Spirit'),
(403, 'Missie Salazar', '01/06/1906', 'msalazarb6@japanpost.jp', 'Mauv', 'Gender Nonconforming'),
(404, 'Noam Finnimore', '23/07/1954', 'nfinnimoreb7@a8.net', 'Blue', 'Pangender'),
(405, 'Lilian Menichini', '12/10/1940', 'lmenichinib8@elegantthemes.com', 'Green', 'Transgender Person'),
(406, 'Parrnell Peasgood', '02/01/2030', 'ppeasgoodb9@elegantthemes.com', 'Teal', 'Trans Male'),
(407, 'Barby Menere', '14/07/1910', 'bmenereba@apache.org', 'Puce', 'Bigender'),
(408, 'Steffen Twining', '10/04/2035', 'stwiningbb@deviantart.com', 'Red', 'Transgender Female'),
(409, 'Celestyn MacGillreich', '13/11/1923', 'cmacgillreichbc@blogspot.com', 'Mauv', 'Cis Woman'),
(410, 'Kelsi Orable', '07/12/1916', 'korablebd@netvibes.com', 'Fuscia', 'MTF'),
(411, 'Riki Reaper', '27/01/1912', 'rreaperbe@smugmug.com', 'Pink', 'Pangender'),
(412, 'Lavinia Fairbairn', '01/06/1902', 'lfairbairnbf@imageshack.us', NULL, 'Two-Spirit'),
(413, 'Breena Kilmary', '30/04/1998', 'bkilmarybg@timesonline.co.uk', NULL, 'Bigender'),
(414, 'Randi Reuss', '16/03/1917', 'rreussbh@mtv.com', 'Fuscia', 'Transgender Woman'),
(415, 'Gregory Grinter', '30/10/1913', 'ggrinterbi@nationalgeographic.com', 'Goldenrod', 'Agender'),
(416, 'Nerissa Capehorn', '19/06/1919', 'ncapehornbj@chronoengine.com', 'Purple', 'Trans Female'),
(417, 'Celie McKmurrie', '14/10/1907', 'cmckmurriebk@gravatar.com', 'Yellow', 'Cis Male'),
(418, 'Bondy Djakovic', '15/02/1907', 'bdjakovicbl@skype.com', 'Red', 'Androgyne'),
(419, 'Heywood Pretsell', '25/11/1938', 'hpretsellbm@angelfire.com', NULL, 'Cis'),
(420, 'Tandi Radbone', '13/05/1935', 'tradbonebn@studiopress.com', 'Purple', 'Transsexual Female'),
(421, 'Cassi Rothermel', '02/08/1998', 'crothermelbo@imgur.com', 'Khaki', 'Transsexual'),
(422, 'Judith Miettinen', '03/06/1919', 'jmiettinenbp@wsj.com', 'Khaki', 'FTM'),
(423, 'Aubry Repp', '16/12/2004', 'areppbq@amazonaws.com', 'Crimson', 'Transsexual Person'),
(424, 'Barbie Claypoole', '20/06/2000', 'bclaypoolebr@google.co.jp', 'Blue', 'Androgyne'),
(425, 'Darwin Fitzsimons', '16/10/1926', 'dfitzsimonsbs@google.ca', 'Violet', 'Cis Male'),
(426, 'Sammy Fenners', '19/04/1982', 'sfennersbt@aol.com', 'Blue', 'Pangender'),
(427, 'Trev Eich', '25/12/2046', 'teichbu@mlb.com', 'Purple', 'Cis Male'),
(428, 'Cortie Braganca', '25/09/1995', 'cbragancabv@nature.com', 'Violet', 'Androgynous'),
(429, 'Bernardo Gerasch', '13/03/1909', 'bgeraschbw@bbb.org', 'Turquoise', 'Gender Questioning'),
(430, 'Jeannie Larraway', '06/12/1951', 'jlarrawaybx@home.pl', 'Mauv', 'Intersex'),
(431, 'Tory Prendergrass', '30/08/1981', 'tprendergrassby@cloudflare.com', 'Yellow', 'Androgynous'),
(432, 'Candice Tofful', '23/08/2014', 'ctoffulbz@altervista.org', 'Pink', 'Male to Female'),
(433, 'Abdel Matzen', '28/01/2045', 'amatzenc0@multiply.com', 'Fuscia', 'Male to Female'),
(434, 'Adrienne Penelli', '31/10/2021', 'apenellic1@dion.ne.jp', NULL, 'Neither'),
(435, 'Chlo Tallis', '22/05/1984', 'ctallisc2@360.cn', 'Teal', 'Cis Male'),
(436, 'Cacilia Denyagin', '24/10/1906', 'cdenyaginc3@hatena.ne.jp', 'Purple', 'Androgynous'),
(437, 'Orlando OFlaverty', '15/09/1955', 'ooflavertyc4@altervista.org', 'Green', 'Transsexual Female'),
(438, 'Waylon Shark', '31/10/1983', 'wsharkc5@booking.com', NULL, 'Transsexual Woman'),
(439, 'Burtie Thundercliffe', '19/10/2034', 'bthundercliffec6@time.com', 'Khaki', 'Transmasculine'),
(440, 'Iona Fredy', '05/09/1952', 'ifredyc7@foxnews.com', NULL, 'Cis'),
(441, 'Dex Shimmings', '04/11/1932', 'dshimmingsc8@arstechnica.com', 'Indigo', 'Two-Spirit'),
(442, 'Waylin Prium', '28/11/1990', 'wpriumc9@usnews.com', NULL, 'Intersex'),
(443, 'Catherine Blazi', '16/08/2030', 'cblazica@google.fr', 'Indigo', 'Androgynous'),
(444, 'Jean Matuszinski', '27/05/2013', 'jmatuszinskicb@g.co', NULL, 'FTM'),
(445, 'Kit Waddup', '23/05/1909', 'kwaddupcc@youku.com', 'Yellow', 'Non-binary'),
(446, 'Powell MacKerley', '03/02/1967', 'pmackerleycd@google.it', 'Red', 'Bigender'),
(447, 'Lethia Rodie', '20/10/2012', 'lrodiece@statcounter.com', NULL, 'Female to Male'),
(448, 'Annmarie Lafont', '31/12/2028', 'alafontcf@themeforest.net', 'Pink', 'Gender Questioning'),
(449, 'Halli Mouatt', '07/01/2047', 'hmouattcg@xrea.com', 'Yellow', 'Androgynous'),
(450, 'Agathe Rotchell', '15/04/2021', 'arotchellch@cargocollective.com', 'Pink', 'MTF'),
(451, 'Tim Kelsow', '15/06/2045', 'tkelsowci@omniture.com', 'Orange', 'Pangender'),
(452, 'Hilly Pettie', '15/07/1951', 'hpettiecj@biblegateway.com', 'Yellow', 'Male to Female'),
(453, 'Fiorenze MacInnes', '12/07/1973', 'fmacinnesck@quantcast.com', 'Crimson', 'Cis Female'),
(454, 'Jenda Ziebart', '23/12/2013', 'jziebartcl@businesswire.com', 'Yellow', 'Cisgender Woman'),
(455, 'Jacquelin Sigward', '10/01/1985', 'jsigwardcm@icq.com', 'Khaki', 'Gender Questioning'),
(456, 'Cazzie Dragge', '17/11/1970', 'cdraggecn@earthlink.net', 'Khaki', 'Genderqueer'),
(457, 'Lukas Brader', '21/01/1984', 'lbraderco@free.fr', 'Teal', 'Cis Woman'),
(458, 'Tom Hryniewicki', '13/07/2022', 'thryniewickicp@ucoz.ru', NULL, 'Transgender Male'),
(459, 'Mirna Van Bruggen', '10/12/1981', 'mvancq@bizjournals.com', 'Yellow', 'Trans Man'),
(460, 'Minette Nasi', '15/03/1904', 'mnasicr@github.io', 'Aquamarine', 'Transsexual Man'),
(461, 'Amby Livard', '08/11/1962', 'alivardcs@businesswire.com', NULL, 'Female to Male'),
(462, 'Culver Castle', '02/03/1979', 'ccastlect@apple.com', 'Maroon', 'FTM'),
(463, 'Rayshell Franciotti', '21/05/2001', 'rfranciotticu@bluehost.com', 'Yellow', 'Cisgender Woman'),
(464, 'Link Wormald', '31/12/1977', 'lwormaldcv@utexas.edu', NULL, 'Gender Nonconforming'),
(465, 'Tamara Spurritt', '03/12/1932', 'tspurrittcw@nba.com', 'Violet', 'Gender Questioning'),
(466, 'Val Janic', '02/01/1950', 'vjaniccx@smugmug.com', 'Red', 'Trans Female'),
(467, 'Karee Boodell', '22/05/1954', 'kboodellcy@oaic.gov.au', 'Yellow', 'Transsexual Person'),
(468, 'Georgina Monck', '05/10/2037', 'gmonckcz@prweb.com', 'Orange', 'Other'),
(469, 'Malinda Javes', '11/10/1953', 'mjavesd0@usgs.gov', NULL, 'Cis Woman'),
(470, 'Tanya Silk', '19/03/1959', 'tsilkd1@theglobeandmail.com', 'Green', 'Intersex'),
(471, 'Roch Battson', '20/05/1971', 'rbattsond2@liveinternet.ru', 'Yellow', 'Transgender'),
(472, 'Dinny Troak', '29/11/1910', 'dtroakd3@blinklist.com', 'Crimson', 'Transgender Man'),
(473, 'Rowan Borman', '08/06/1912', 'rbormand4@github.com', 'Maroon', 'Transgender Man'),
(474, 'Myron Ruoff', '09/05/1984', 'mruoffd5@dyndns.org', 'Red', 'Trans Male'),
(475, 'Timothee Bavridge', '01/11/1948', 'tbavridged6@home.pl', 'Indigo', 'MTF'),
(476, 'Claudia Dilks', '04/02/1979', 'cdilksd7@home.pl', 'Fuscia', 'Trans'),
(477, 'Anabel Wixey', '14/04/2019', 'awixeyd8@example.com', 'Turquoise', 'Transsexual Person'),
(478, 'Jennilee Burrill', '10/02/1977', 'jburrilld9@is.gd', 'Aquamarine', 'Transsexual Person'),
(479, 'Elise Bushaway', '14/06/2039', 'ebushawayda@phpbb.com', 'Maroon', 'Gender Variant'),
(480, 'Rebeka Urian', '08/07/1964', 'ruriandb@wunderground.com', 'Goldenrod', 'MTF'),
(481, 'Stanly McCart', '15/04/1939', 'smccartdc@wp.com', 'Khaki', 'Cis Male'),
(482, 'Kiri Janssen', '20/09/2011', 'kjanssendd@sogou.com', NULL, 'Female to Male'),
(483, 'Betteanne Arthan', '08/12/1957', 'barthande@google.fr', 'Aquamarine', 'FTM'),
(484, 'Kettie Barrowcliff', '19/02/2016', 'kbarrowcliffdf@google.de', 'Turquoise', 'Intersex'),
(485, 'Amberly Jerrand', '26/07/1926', 'ajerranddg@phpbb.com', 'Puce', 'Transsexual Woman'),
(486, 'Lila Shout', '03/10/1948', 'lshoutdh@xrea.com', 'Red', 'Transsexual'),
(487, 'Waylon Permain', '17/02/1979', 'wpermaindi@tuttocitta.it', 'Teal', 'Pangender'),
(488, 'Fania Ransfield', '30/03/1925', 'fransfielddj@archive.org', 'Maroon', 'Cisgender Man'),
(489, 'Miran Pinsent', '17/05/1961', 'mpinsentdk@reddit.com', 'Turquoise', 'Gender Variant'),
(490, 'Sada Bassingham', '20/10/2034', 'sbassinghamdl@tmall.com', 'Violet', 'Cisgender Male'),
(491, 'Rafa Beckett', '08/01/1905', 'rbeckettdm@pcworld.com', 'Green', 'Genderqueer'),
(492, 'Hendrika Trippack', '08/01/1976', 'htrippackdn@myspace.com', 'Mauv', 'Transgender Person'),
(493, 'Catlee Josham', '28/09/1909', 'cjoshamdo@princeton.edu', 'Crimson', 'Cis Female'),
(494, 'Kingsley Cocksedge', '12/12/2033', 'kcocksedgedp@washingtonpost.com', 'Orange', 'Cis Man'),
(495, 'Bradan Piletic', '08/02/1953', 'bpileticdq@google.it', 'Pink', 'Cis Man'),
(496, 'Lauralee Vlasyev', '30/04/2016', 'lvlasyevdr@hao123.com', 'Puce', 'Trans Woman'),
(497, 'Carmela Finker', '21/11/1979', 'cfinkerds@apache.org', 'Yellow', 'Transsexual Female'),
(498, 'Quintilla Rorke', '28/04/1965', 'qrorkedt@upenn.edu', NULL, 'Gender Questioning'),
(499, 'Tremaine Foucher', '01/03/1966', 'tfoucherdu@desdev.cn', 'Teal', 'Male to Female'),
(500, 'Karlotta Bowton', '13/11/2035', 'kbowtondv@ameblo.jp', 'Crimson', 'Trans Woman'),
(501, 'Humfried Scole', '05/11/1941', 'hscoledw@prnewswire.com', 'Puce', 'Gender Questioning'),
(502, 'Reinhard Dowbekin', '17/03/1900', 'rdowbekindx@miitbeian.gov.cn', 'Pink', 'Pangender'),
(503, 'Basile Limpenny', '25/12/1921', 'blimpennydy@lulu.com', 'Orange', 'Cisgender Female'),
(504, 'Gerardo Stanner', '30/07/1917', 'gstannerdz@amazon.de', 'Fuscia', 'Transsexual Man'),
(505, 'Foss Lethbury', '26/11/1975', 'flethburye0@slate.com', 'Turquoise', 'Male to Female'),
(506, 'Kim Raeburn', '08/08/1998', 'kraeburne1@1und1.de', 'Green', 'Transgender Man'),
(507, 'Robert Sabates', '14/05/2004', 'rsabatese2@i2i.jp', 'Maroon', 'Genderqueer'),
(508, 'Raquel Matchett', '08/02/1918', 'rmatchette3@army.mil', 'Purple', 'Trans Female'),
(509, 'Fabio Cotta', '26/09/1913', 'fcottae4@studiopress.com', 'Violet', 'Non-binary'),
(510, 'Gwyn Smaling', '01/08/2004', 'gsmalinge5@addthis.com', 'Indigo', 'Two-Spirit'),
(511, 'Hobart Greenman', '16/10/1977', 'hgreenmane6@fema.gov', 'Orange', 'Cis Woman'),
(512, 'Caralie Pettie', '03/07/2009', 'cpettiee7@army.mil', 'Khaki', 'Neither'),
(513, 'Brinna Donohoe', '29/01/1947', 'bdonohoee8@marriott.com', 'Khaki', 'Trans Man'),
(514, 'Delly Abbet', '20/09/1929', 'dabbete9@indiegogo.com', 'Purple', 'Non-binary'),
(515, 'Reeba Setford', '11/08/2025', 'rsetfordea@dailymail.co.uk', 'Puce', 'Cisgender'),
(516, 'Sheffield Maggorini', '15/04/2002', 'smaggorinieb@ihg.com', 'Khaki', 'Cisgender Man'),
(517, 'Dene Buterton', '14/01/1952', 'dbutertonec@nymag.com', 'Green', 'Gender Nonconforming'),
(518, 'Blisse Championnet', '11/08/1915', 'bchampionneted@reuters.com', 'Indigo', 'Gender Nonconforming'),
(519, 'Wittie Full', '24/06/1992', 'wfullee@slashdot.org', 'Goldenrod', 'Transgender Person'),
(520, 'Doretta Dench', '22/09/2027', 'ddenchef@shinystat.com', 'Puce', 'Trans'),
(521, 'Saul Kibble', '01/09/1957', 'skibbleeg@amazon.co.uk', 'Purple', 'Neutrois'),
(522, 'Scot Ixor', '19/12/2027', 'sixoreh@bizjournals.com', 'Purple', 'Cisgender Female'),
(523, 'Eveline Minett', '07/06/1955', 'eminettei@cdbaby.com', 'Puce', 'Bigender'),
(524, 'Neil Gladtbach', '22/11/2004', 'ngladtbachej@phoca.cz', 'Green', 'Transgender'),
(525, 'Jasper Musicka', '19/04/1992', 'jmusickaek@yahoo.co.jp', 'Maroon', 'Transsexual Female'),
(526, 'Sabine Blakelock', '06/03/1943', 'sblakelockel@theglobeandmail.com', 'Indigo', 'Androgynous'),
(527, 'Flory Nelthorpe', '18/12/1993', 'fnelthorpeem@wikimedia.org', 'Khaki', 'Bigender'),
(528, 'Ludovico Uden', '13/01/1947', 'ludenen@sitemeter.com', 'Aquamarine', 'Transsexual Man'),
(529, 'Faye Whymark', '28/01/2004', 'fwhymarkeo@cisco.com', 'Crimson', 'Transgender Female'),
(530, 'Gretal Fuente', '22/06/2019', 'gfuenteep@so-net.ne.jp', NULL, 'Genderqueer'),
(531, 'Chalmers Collidge', '23/07/1941', 'ccollidgeeq@oakley.com', 'Blue', 'Bigender'),
(532, 'Gwen Moultrie', '11/03/1926', 'gmoultrieer@prweb.com', 'Purple', 'Androgyne'),
(533, 'Suzanne Easdon', '12/09/2043', 'seasdones@qq.com', 'Orange', 'Trans Person'),
(534, 'Sarajane Clac', '07/08/1997', 'sclacet@sina.com.cn', 'Red', 'MTF'),
(535, 'Lyndy Moakler', '19/12/1919', 'lmoaklereu@dion.ne.jp', 'Red', 'Androgyne'),
(536, 'Sherri Habin', '22/05/2043', 'shabinev@webmd.com', 'Red', 'Transsexual'),
(537, 'Fanny Mildner', '02/10/2007', 'fmildnerew@plala.or.jp', 'Goldenrod', 'Transgender Woman'),
(538, 'Fabio Jouhning', '12/07/1927', 'fjouhningex@posterous.com', 'Purple', 'Transgender Female'),
(539, 'Novelia Piburn', '07/06/1931', 'npiburney@deliciousdays.com', 'Puce', 'Androgynous'),
(540, 'Preston Rodrigues', '15/04/2026', 'prodriguesez@stumbleupon.com', 'Goldenrod', 'Gender Fluid'),
(541, 'Aretha Furmenger', '13/03/2021', 'afurmengerf0@umich.edu', 'Mauv', 'Neither'),
(542, 'Mara Lansberry', '04/04/1903', 'mlansberryf1@marketwatch.com', NULL, 'Agender'),
(543, 'Natalya Troak', '25/07/1994', 'ntroakf2@un.org', 'Indigo', 'Agender'),
(544, 'Lucretia Brazener', '11/03/2005', 'lbrazenerf3@umich.edu', 'Green', 'Transsexual Male'),
(545, 'Sherri Foreman', '03/01/1986', 'sforemanf4@nytimes.com', 'Indigo', 'Transsexual Person'),
(546, 'Henka Bruggeman', '22/10/2039', 'hbruggemanf5@bloglines.com', 'Indigo', 'Androgynous'),
(547, 'Ilyssa Vickars', '09/01/2029', 'ivickarsf6@cbc.ca', NULL, 'Transgender Male'),
(548, 'Julieta Scandroot', '05/01/2011', 'jscandrootf7@w3.org', 'Teal', 'FTM'),
(549, 'Emilie Augar', '23/04/2006', 'eaugarf8@youtube.com', 'Blue', 'Trans Woman'),
(550, 'Inga Cissell', '20/12/1917', 'icissellf9@mapquest.com', 'Purple', 'Non-binary'),
(551, 'Lorettalorna Moyes', '02/08/2025', 'lmoyesfa@unesco.org', 'Teal', 'Transgender'),
(552, 'Laurianne Gudgin', '29/05/1927', 'lgudginfb@forbes.com', NULL, 'Transgender Man'),
(553, 'Hogan Winkle', '20/06/1929', 'hwinklefc@acquirethisname.com', 'Blue', 'Transsexual Female'),
(554, 'Dayle McHarry', '08/05/1943', 'dmcharryfd@narod.ru', 'Yellow', 'Cisgender Man'),
(555, 'Irwinn McQuillan', '02/10/2024', 'imcquillanfe@w3.org', 'Blue', 'Cis Man'),
(556, 'Bria Stallworthy', '28/10/2015', 'bstallworthyff@businesswire.com', 'Yellow', 'Androgynous'),
(557, 'Skelly Stennes', '11/12/2038', 'sstennesfg@reverbnation.com', NULL, 'Trans Man'),
(558, 'Dionisio Calles', '09/05/1906', 'dcallesfh@free.fr', 'Goldenrod', 'Trans Female'),
(559, 'Gene Fogt', '04/09/1933', 'gfogtfi@rakuten.co.jp', 'Aquamarine', 'Other'),
(560, 'Raven Calverd', '15/08/2034', 'rcalverdfj@whitehouse.gov', 'Maroon', 'Transgender Woman'),
(561, 'Rudolfo Episcopi', '03/05/2006', 'repiscopifk@angelfire.com', 'Green', 'Gender Nonconforming'),
(562, 'Lois Marcroft', '09/01/1989', 'lmarcroftfl@latimes.com', 'Fuscia', 'Transsexual Man'),
(563, 'Tobin Wodeland', '07/12/1959', 'twodelandfm@cbsnews.com', 'Purple', 'Androgynous'),
(564, 'Susi Tolliday', '18/03/2008', 'stollidayfn@tripod.com', NULL, 'Androgyne'),
(565, 'Dorette Willowby', '13/02/2043', 'dwillowbyfo@ezinearticles.com', 'Violet', 'Gender Questioning'),
(566, 'Wayne Yonnie', '14/11/1942', 'wyonniefp@soundcloud.com', 'Pink', 'Trans'),
(567, 'Tina Astupenas', '09/11/1930', 'tastupenasfq@usa.gov', 'Goldenrod', 'Trans Woman'),
(568, 'Jeane MacLennan', '16/02/1988', 'jmaclennanfr@hao123.com', 'Yellow', 'Gender Fluid'),
(569, 'Olenka Pantlin', '03/02/1999', 'opantlinfs@github.com', 'Aquamarine', 'Trans Man'),
(570, 'Mac McNirlin', '27/05/1973', 'mmcnirlinft@nbcnews.com', 'Crimson', 'Pangender'),
(571, 'Agnes Gott', '16/02/1919', 'agottfu@soup.io', 'Pink', 'Androgyne'),
(572, 'Brendin Blondin', '04/12/1942', 'bblondinfv@exblog.jp', 'Puce', 'Transsexual Woman'),
(573, 'Lusa Blodg', '12/09/1979', 'lblodgfw@alexa.com', 'Yellow', 'Transsexual Person'),
(574, 'Jaimie Retchford', '20/03/1964', 'jretchfordfx@archive.org', 'Puce', 'Gender Fluid'),
(575, 'Tonnie Andrasch', '02/06/1937', 'tandraschfy@google.it', 'Maroon', 'Cisgender Man'),
(576, 'Meredith Blint', '23/10/2032', 'mblintfz@psu.edu', 'Teal', 'Transsexual Female'),
(577, 'Corinne O Concannon', '04/12/1946', 'cog0@thetimes.co.uk', 'Maroon', 'Cis'),
(578, 'Ruddy Storrock', '15/02/1939', 'rstorrockg1@cnn.com', NULL, 'Agender'),
(579, 'Stanley Lainton', '07/04/1942', 'slaintong2@usnews.com', 'Crimson', 'Trans Man'),
(580, 'Humberto Costy', '09/03/1909', 'hcostyg3@msu.edu', 'Green', 'Transgender'),
(581, 'Babita Semble', '19/03/1941', 'bsembleg4@cisco.com', 'Mauv', 'Gender Questioning'),
(582, 'Falito Minillo', '25/09/1992', 'fminillog5@mlb.com', 'Khaki', 'Non-binary'),
(583, 'Raleigh Pitford', '12/08/1940', 'rpitfordg6@ow.ly', 'Red', 'Intersex'),
(584, 'Edd DeSousa', '22/04/1935', 'edesousag7@sogou.com', 'Indigo', 'Trans Female'),
(585, 'Merissa Dafter', '27/05/1967', 'mdafterg8@boston.com', 'Mauv', 'Cis Man'),
(586, 'Tatum Symms', '15/02/1986', 'tsymmsg9@amazon.co.uk', 'Indigo', 'Transgender'),
(587, 'Catie Tunaclift', '25/07/2022', 'ctunacliftga@unicef.org', 'Green', 'Pangender'),
(588, 'Kynthia Kingsman', '24/07/2032', 'kkingsmangb@51.la', 'Blue', 'Genderqueer'),
(589, 'Quentin Gloyens', '06/09/1989', 'qgloyensgc@stanford.edu', 'Puce', 'Cis Female'),
(590, 'Lurette Vasse', '21/09/1959', 'lvassegd@alibaba.com', 'Yellow', 'Neither'),
(591, 'Batholomew Impleton', '22/04/1972', 'bimpletonge@phpbb.com', 'Purple', 'Transmasculine'),
(592, 'Jabez Wraighte', '11/10/2005', 'jwraightegf@newyorker.com', 'Purple', 'Genderqueer'),
(593, 'Olivier Nacey', '01/10/1979', 'onaceygg@soundcloud.com', 'Yellow', 'Transsexual'),
(594, 'Carree Rushworth', '17/12/1994', 'crushworthgh@constantcontact.com', 'Mauv', 'Transsexual Woman'),
(595, 'Sidney Kryska', '02/04/1976', 'skryskagi@blogtalkradio.com', 'Orange', 'Transsexual Female'),
(596, 'Larisa Rosgen', '07/12/1991', 'lrosgengj@usa.gov', 'Maroon', 'Transgender Man'),
(597, 'Candide Argabrite', '24/02/1959', 'cargabritegk@netlog.com', 'Khaki', 'Transsexual Female'),
(598, 'Dannye Neames', '04/10/1935', 'dneamesgl@mayoclinic.com', 'Pink', 'Gender Fluid'),
(599, 'Dev Nozzolii', '20/06/1928', 'dnozzoliigm@prweb.com', NULL, 'Transgender'),
(600, 'Skip Ayers', '13/02/2034', 'sayersgn@si.edu', 'Teal', 'Trans Person')
;

INSERT INTO Aeropuerto VALUES 
(1, 'Woodie Woodie Airport', 'WWI', NULL),
(2, 'Kasungu Airport', 'KBQ', 3470),
(3, 'Kambuaya Airport', 'KBX', 1422),
(4, 'Ilorin International Airport', 'ILR', 1126),
(5, 'Senadora Eunice Micheles Airport', 'OLC', 335),
(6, 'Gladstone Airport', 'GLT', 64),
(7, 'Errol Airport', 'ERR', 1245),
(8, 'Erfurt Airport', 'ERF', 1036),
(9, 'Annette Island Airport', 'ANN', 119),
(10, 'Lijiang Airport', 'LJG', NULL),
(11, 'Cherrabun Airport', 'CBC', 540),
(12, 'Woja Airport', 'WJA', NULL),
(13, 'Orlando Executive Airport', 'ORL', 113),
(14, 'Bontang Airport', 'BXT', 49),
(15, 'Ann Arbor Municipal Airport', 'ARB', 839),
(16, 'South Molle Island Helipad', 'SOI', 15),
(17, 'El Lencero Airport', 'JAL', 3127),
(18, 'Nieuw Nickerie Airport', 'ICK', 9),
(19, 'Nicholson Airport', 'NLS', NULL),
(20, 'Coxs Bazar Airport', 'CXB', 12),
(21, 'Juan Santamaria International Airport', 'SJO', 3021),
(22, 'Andorra la Vella Heliport', 'ALV', 3450),
(23, 'Northeast Kingdom International Airport', 'EFK', 930),
(24, 'Doris Lake', 'JOJ', 50),
(25, 'North Lakhimpur Airport', 'IXI', 330),
(26, 'Oxford House Airport', 'YOH', 663),
(27, 'Juanjui Airport', 'JJI', 1148),
(28, 'Shahroud Airport', 'RUD', 4215),
(29, 'Orenburg Central Airport', 'REN', 387),
(30, 'Robertson Airport', 'ROD', 640),
(31, 'El Golea Airport', 'ELG', 1306),
(32, 'Granite Downs Airport', 'GTS', 337),
(33, 'Bartletts Airport', 'BSZ', 50),
(34, 'President Obiang Nguema International Airport', 'GEM', 2165),
(35, 'Broome International Airport', 'BME', 56),
(36, 'Korhogo Airport', 'HGO', 1214),
(37, 'Cooinda Airport', 'CDA', 13),
(38, 'General Rafael Buelna International Airport', 'MZT', 38),
(39, 'Moss Airport, Rygge', 'RYG', 174),
(40, 'Barrow Walney Island Airport', 'BWF', 173),
(41, 'Stevens Village Airport', 'SVS', 305),
(42, 'Penong Airport', 'PEY', 78),
(43, 'Sasereme Airport', 'TDS', 121),
(44, 'Mbuji Mayi Airport', 'MJM', 2221),
(45, 'Griffiss International Airport', 'RME', 504),
(46, 'Sematan Airport', 'BSE', 22),
(47, 'Trieste–Friuli Venezia Giulia Airport', 'TRS', 39),
(48, 'Solenzara (BA 126) Air Base', 'SOZ', 28),
(49, 'Itaperuna Airport', 'ITP', 410),
(50, 'Lucélia Airport', NULL, 1476),
(51, 'Mururoa Atoll Airport', 'UOA', 7),
(52, 'Şanlıurfa GAP Airport', 'GNY', 2708),
(53, 'Huallaga Airport', 'BLP', 980),
(54, 'Lemhi County Airport', 'SMN', 4043),
(55, 'Anuradhapura Air Force Base', 'ACJ', 324),
(56, 'Kawama Airport', 'VRO', 16),
(57, 'Al Ghaidah International Airport', 'AAY', 134),
(58, 'Tatalina LRRS Airport', 'TLJ', 964),
(59, 'Owen Sound / Billy Bishop Regional Airport', 'YOS', 1007),
(60, 'Cabo F.A.A. H. R. Bordón Airport', 'IGB', 2925),
(61, 'Lloydminster Airport', 'YLL', 2193),
(62, 'Manguna Airport', 'MFO', 187),
(63, 'Lonely Air Station', 'LNI', 17),
(64, 'Taharoa Aerodrome', 'THH', 69),
(65, 'Okeechobee County Airport', 'OBE', 34),
(66, 'Magas Airport', 'IGT', 1165),
(67, 'Brisbane International Airport', 'BNE', 13),
(68, 'Sitka Rocky Gutierrez Airport', 'SIT', 21),
(69, 'Bouca Airport', 'BCF', 1532),
(70, 'Shageluk Airport', 'SHX', 79),
(71, 'Fazenda das Represas Airport', NULL, 2271),
(72, 'Ralph Wien Memorial Airport', 'OTZ', 14),
(73, 'Sultan Aji Muhamad Sulaiman Airport', 'BPN', 12),
(74, 'Municipal de Linares Airport', 'ZLR', 591),
(75, 'Ouango Fitini Airport', 'OFI', 974),
(76, 'Rumginae Airport', 'RMN', 160),
(77, 'Gomez Nino Apiay Air Base', 'API', 1207),
(78, 'Oksapmin Airport', 'OKP', 5140),
(79, 'Nancy-Essey Airport', 'ENC', 751),
(80, 'Hanamaki Airport', 'HNA', 297),
(81, 'Nanaimo Harbour Water Airport', 'ZNA', NULL),
(82, 'Noi Bai International Airport', 'HAN', 39),
(83, 'Gardez Airport', 'GRG', 7790),
(84, 'Gorge Harbour Seaplane Base', 'YGE', NULL),
(85, 'Volgograd International Airport', 'VOG', 482),
(86, 'Kamembe Airport', 'KME', 5192),
(87, 'Jasper County Airport', 'RNZ', 698),
(88, 'Bossangoa Airport', 'BSN', 1637),
(89, 'Poitiers-Biard Airport', 'PIS', 423),
(90, 'Zhaotong Airport', 'ZAT', NULL),
(91, 'Tri-City Airport', 'PPF', 900),
(92, 'Marshall Memorial Municipal Airport', 'MHL', 779),
(93, 'Kryvyi Rih International Airport', 'KWG', 408),
(94, 'Helsinki Vantaa Airport', 'HEL', 179),
(95, 'San Salvador Airport', 'ZSA', 24),
(96, 'Vivigani Airfield', 'VIV', 117),
(97, 'Al Thaurah Airport', 'SOR', 1278),
(98, 'María Dolores Airport', 'LSQ', 374),
(99, 'Olympic Dam Airport', 'OLP', 343),
(100, 'Jiayuguan Airport', 'JGN', 5112),
(101, 'Abau Airport', 'ABW', 10),
(102, 'Nemiscau Airport', 'YNS', 802),
(103, 'Anqing Tianzhushan Airport', 'AQG', NULL),
(104, 'Coconut Island Airport', 'CNC', 3),
(105, 'Dahl Creek Airport', 'DCK', 260),
(106, 'Lamidanda Airport', 'LDN', 4100),
(107, 'Nuevo Casas Grandes Airport', 'NCG', 4850),
(108, 'Mono Airport', 'MNY', NULL),
(109, 'Columbus Air Force Base', 'CBM', 219),
(110, 'Ocean City Municipal Airport', 'OCE', 11),
(111, 'Puas Airport', 'PUA', 45),
(112, 'Mekoryuk Airport', 'MYU', 48),
(113, 'Aosta Airport', 'AOT', 1791),
(114, 'Hermanos Ameijeiras Airport', 'VTU', 328),
(115, 'Langkawi International Airport', 'LGK', 29),
(116, 'Wilkes Barre Wyoming Valley Airport', 'WBW', 545),
(117, 'Skikda Airport', 'SKI', 27),
(118, 'Amos/Magny Airport', 'YEY', 1068),
(119, 'Campina Verde Airport', NULL, 1805),
(120, 'Charlottesville Albemarle Airport', 'CHO', 639),
(121, 'Ricardo García Posada Airport', 'ESR', 5240),
(122, 'Hon Airport', 'HUQ', 919),
(123, 'Red Sucker Lake Airport', 'YRS', 729),
(124, 'Sócrates Rezende Airport', 'CNV', 19),
(125, 'Moengo Airstrip', 'MOJ', 49),
(126, 'Zaranj Airport', 'ZAJ', 1572),
(127, 'Meyers Chuck Seaplane Base', 'WMK', NULL),
(128, 'Rick Husband Amarillo International Airport', 'AMA', 3607),
(129, 'Key Lake Airport', 'YKJ', 1679),
(130, 'Clermont Airport', 'CMQ', 908),
(131, 'Volk Field', 'VOK', 912),
(132, 'Wasua Airport', 'WSA', 45),
(133, 'Dortmund Airport', 'DTM', 425),
(134, 'Sigonella Navy Air Base', 'NSY', 79),
(135, 'Las Américas International Airport', 'SDQ', 59),
(136, 'Macomb Municipal Airport', 'MQB', 707),
(137, 'Yiwu Airport', 'YIW', 262),
(138, 'Nissan Island Airport', 'IIS', 52),
(139, 'Bandar Abbas International Airport', 'BND', 22),
(140, 'Port Elizabeth Airport', 'PLZ', 226),
(141, 'Hayfields Airport', 'HYF', 466),
(142, 'Dundas Airport', 'DUN', 200),
(143, 'Ban Huoeisay Airport', 'HOE', 1380),
(144, 'Geneva Cointrin International Airport', 'GVA', 1411),
(145, 'Kashechewan Airport', 'ZKE', 35),
(146, 'Merrill Municipal Airport', 'RRL', 1318),
(147, 'Newport News Williamsburg International Airport', 'PHF', 42),
(148, 'Nonoaí Airport', NULL, 1969),
(149, 'Rafaï Airport', 'RFA', 1759),
(150, 'OR Tambo International Airport', 'JNB', 5558),
(151, 'Anthony Municipal Airport', 'ANY', 1340),
(152, 'Donoi Airport', 'ULZ', 5800),
(153, 'Qurghonteppa International Airport', 'KQT', 1473),
(154, 'Kannur International Airport', 'CNN', 330),
(155, 'Dandugama Seaplane Base', 'DGM', NULL),
(156, 'Hasvik Airport', 'HAA', 21),
(157, 'Greater Portsmouth Regional Airport', 'PMH', 663),
(158, 'Sylvester Airport', 'SYV', 403),
(159, 'Battambang Airport', 'BBM', 59),
(160, 'Campbell River Seaplane Base', 'YHH', NULL),
(161, 'Southport Airport', 'YPG', 885),
(162, 'Albert Lea Municipal Airport', 'AEL', 1260),
(163, 'Ellisras Matimba Airport', 'ELL', 2799),
(164, 'Osborne Mine Airport', 'OSO', 285),
(165, 'Grant County Airport', 'PGC', 963),
(166, 'Daman Airport', 'NMB', 33),
(167, 'Francis S Gabreski Airport', 'FOK', 67),
(168, 'Qaanaaq Airport', 'NAQ', 51),
(169, 'Bakkafjörður Airport', 'BJD', 14),
(170, 'Bodinumu Airport', 'BNM', 3700),
(171, 'Xiangyang Liuji Airport', 'XFN', NULL),
(172, 'Boalang Airport', 'BJG', 146),
(173, 'Albacete-Los Llanos Airport', 'ABC', 2302),
(174, 'Birao Airport', 'IRO', 1696),
(175, 'Resolute Bay Airport', 'YRB', 215),
(176, 'Yining Airport', 'YIN', NULL),
(177, 'Winkler County Airport', 'INK', 2822),
(178, 'Gusti Syamsir Alam Airport', 'KBU', 4),
(179, 'Olomouc-Neředín Airport', 'OLO', 869),
(180, 'Tororo Airport', 'TRY', 3840),
(181, 'Teniente Coronel Luis a Mantilla Airport', 'TUA', 9649),
(182, 'Farafangana Airport', 'RVA', 26),
(183, 'Raglan Airfield', 'RAG', 10),
(184, 'Santa Rosa de Copán Airport', 'SDH', 3564),
(185, 'Diosdado Macapagal International Airport', 'CRK', 484),
(186, 'Hilton Head Airport', 'HHH', 19),
(187, 'Igrim Airport', 'IRM', 79),
(188, 'Essen Mulheim Airport', 'ESS', 424),
(189, 'Napaskiak Airport', 'PKA', 24),
(190, 'Rutland - Southern Vermont Regional Airport', 'RUT', 787),
(191, 'Klagenfurt Airport', 'KLU', 1472),
(192, 'Fairfield Municipal Airport', 'FFL', 799),
(193, 'Mafeteng Airport', 'MFC', 5350),
(194, 'Lockhart River Airport', 'IRG', 77),
(195, 'Mbanza Congo Airport', 'SSY', 1860),
(196, 'Lhok Sukon Airport', 'LSX', 28),
(197, 'Snap Lake Airport', 'YNX', 1557),
(198, 'Ben Schoeman Airport', 'ELS', 435)
;

INSERT INTO Billete VALUES
(1, 140, 45, 25.3),
(2, 162, 21, 38.29),
(3, 58, 85, 7.03),
(4, 138, 160, 40.96),
(5, 143, 163, 37.91),
(6, 164, 51, 39.51),
(7, 92, 70, 17.16),
(8, 103, 68, 17.42),
(9, 5, 162, 34.37),
(10, 44, 72, 14.13),
(11, 70, 26, 11.64),
(12, 75, 80, 34.19),
(13, 176, 13, 37),
(14, 47, 131, 41.93),
(15, 10, 176, 6.3),
(16, 185, 70, 36.21),
(17, 80, 144, 16.57),
(18, 124, 149, 30.39),
(19, 141, 14, 22.85),
(20, 163, 100, 37.08),
(21, 62, 47, 24.22),
(22, 135, 173, 19.1),
(23, 138, 123, 13.1),
(24, 178, 133, 19.79),
(25, 3, 177, 36.08),
(26, 39, 40, 2.55),
(27, 50, 119, 39.22),
(28, 123, 133, 5.98),
(29, 11, 155, 37.56),
(30, 98, 175, 36.02),
(31, 15, 110, 24.34),
(32, 138, 127, 9.97),
(33, 107, 14, 9.28),
(34, 166, 37, 39.89),
(35, 122, 180, 27.08),
(36, 16, 41, 9.48),
(37, 104, 178, 35.81),
(38, 18, 174, 35.3),
(39, 58, 51, 29.54),
(40, 77, 13, 17.24),
(41, 174, 147, 32.09),
(42, 53, 8, 12.23),
(43, 198, 186, 37.97),
(44, 137, 148, 33.97),
(45, 145, 148, 36.78),
(46, 132, 11, 26.93),
(47, 44, 95, 19.92),
(48, 83, 27, 34.98),
(49, 50, 12, 33.54),
(50, 80, 61, 22.17),
(51, 85, 189, 44.28),
(52, 135, 90, 20.52),
(53, 145, 154, 22.87),
(54, 179, 125, 7.66),
(55, 10, 113, 35.1),
(56, 153, 93, 32.72),
(57, 172, 54, 15.8),
(58, 37, 51, 26.99),
(59, 32, 175, 11.76),
(60, 121, 160, 25.17),
(61, 58, 149, 43.79),
(62, 96, 79, 5.83),
(63, 177, 8, 38.49),
(64, 51, 79, 24.5),
(65, 83, 38, 10.68),
(66, 112, 169, 4.99),
(67, 156, 55, 25.49),
(68, 118, 115, 28.5),
(69, 92, 111, 45.83),
(70, 45, 61, 49.91),
(71, 157, 159, 5.3),
(72, 64, 67, 0.45),
(73, 169, 56, 22.21),
(74, 60, 141, 25.72),
(75, 41, 85, 18.97),
(76, 67, 9, 2.65),
(77, 72, 133, 45.18),
(78, 53, 122, 43.4),
(79, 127, 147, 27.09),
(80, 137, 192, 24.83),
(81, 102, 148, 48.28),
(82, 180, 136, 25.88),
(83, 53, 132, 0.26),
(84, 169, 113, 42.21),
(85, 83, 153, 44.08),
(86, 148, 164, 39.96),
(87, 99, 167, 20.36),
(88, 166, 171, 2.91),
(89, 56, 146, 33.82),
(90, 100, 32, 19.07),
(91, 84, 50, 49.57),
(92, 35, 191, 28.01),
(93, 39, 176, 25.15),
(94, 17, 97, 25.97),
(95, 133, 98, 18.79),
(96, 27, 7, 22.99),
(97, 138, 113, 15.67),
(98, 107, 17, 2.26),
(99, 182, 109, 16.68),
(100, 132, 169, 5.94),
(101, 18, 27, 44.92),
(102, 195, 120, 41.33),
(103, 154, 115, 7.41),
(104, 108, 25, 35.36),
(105, 145, 65, 12.64),
(106, 167, 171, 19.96),
(107, 3, 12, 17.75),
(108, 58, 87, 47.82),
(109, 41, 37, 41.49),
(110, 43, 66, 16.04),
(111, 34, 182, 9.88),
(112, 43, 140, 40.69),
(113, 59, 74, 15.15),
(114, 145, 92, 22.51),
(115, 184, 131, 48.32),
(116, 195, 3, 0.89),
(117, 97, 186, 10.49),
(118, 165, 38, 35.65),
(119, 179, 2, 25.63),
(120, 157, 122, 18.71),
(121, 49, 14, 24.39),
(122, 19, 44, 12.35),
(123, 142, 123, 25.61),
(124, 174, 35, 10.03),
(125, 96, 95, 42.68),
(126, 74, 115, 37.69),
(127, 69, 9, 48.54),
(128, 147, 133, 5.46),
(129, 128, 39, 16.65),
(130, 125, 48, 48.27),
(131, 113, 120, 15.76),
(132, 22, 78, 25.88),
(133, 176, 120, 39.17),
(134, 17, 126, 15.65),
(135, 24, 69, 1.42),
(136, 177, 164, 35.6),
(137, 19, 77, 35.8),
(138, 84, 174, 10.23),
(139, 20, 175, 19.58),
(140, 101, 145, 10.17),
(141, 84, 73, 15.12),
(142, 24, 192, 0.68),
(143, 50, 49, 37.38),
(144, 57, 58, 3.09),
(145, 192, 52, 36.01),
(146, 58, 43, 15.07),
(147, 5, 131, 1.31),
(148, 53, 132, 23.54),
(149, 40, 85, 14.03),
(150, 140, 8, 42),
(151, 34, 135, 40.06),
(152, 150, 177, 34.86),
(153, 124, 76, 0.51),
(154, 85, 43, 34.07),
(155, 62, 102, 24.95),
(156, 116, 1, 41.88),
(157, 101, 136, 10.25),
(158, 73, 136, 4.13),
(159, 88, 17, 12.54),
(160, 177, 89, 21.24),
(161, 49, 33, 30.92),
(162, 26, 189, 22.75),
(163, 154, 67, 14.72),
(164, 63, 123, 48.15),
(165, 40, 2, 41.59),
(166, 61, 134, 36.85),
(167, 102, 158, 48.22),
(168, 108, 113, 18.34),
(169, 67, 19, 18.68),
(170, 114, 86, 26.11),
(171, 1, 67, 27.97),
(172, 154, 40, 39.95),
(173, 36, 133, 41.03),
(174, 10, 37, 26.14),
(175, 147, 88, 5.69),
(176, 29, 154, 17.39),
(177, 50, 26, 43.74),
(178, 5, 32, 28.68),
(179, 143, 138, 9.42),
(180, 155, 83, 44.76),
(181, 26, 62, 21.82),
(182, 127, 51, 32.47),
(183, 125, 40, 45.3),
(184, 94, 16, 31.47),
(185, 18, 23, 18.11),
(186, 182, 130, 41.47),
(187, 75, 177, 1.41),
(188, 98, 103, 12.31),
(189, 148, 140, 42.24),
(190, 23, 88, 3.79),
(191, 127, 165, 46),
(192, 39, 94, 5.66),
(193, 34, 177, 41.54),
(194, 69, 103, 36.8),
(195, 167, 191, 33.23),
(196, 90, 40, 42.92),
(197, 179, 39, 21.25),
(198, 134, 67, 23.65),
(199, 137, 24, 5.32),
(200, 94, 84, 0.45),
(201, 47, 113, 8.7),
(202, 8, 162, 24.52),
(203, 79, 108, 8.19),
(204, 21, 135, 19.23),
(205, 156, 79, 11.1),
(206, 66, 112, 33.95),
(207, 141, 28, 10.16),
(208, 52, 108, 6.42),
(209, 76, 116, 24.58),
(210, 77, 190, 19.3),
(211, 9, 142, 43.87),
(212, 3, 56, 25),
(213, 112, 85, 33.05),
(214, 178, 117, 35.1),
(215, 51, 153, 15.33),
(216, 175, 177, 30.45),
(217, 165, 8, 0.38),
(218, 100, 125, 6.44),
(219, 48, 122, 23.92),
(220, 52, 194, 10.59),
(221, 16, 64, 23.14),
(222, 30, 80, 13.85),
(223, 116, 25, 27.13),
(224, 192, 20, 41.27),
(225, 145, 71, 39.25),
(226, 151, 110, 7.05),
(227, 138, 88, 34.46),
(228, 65, 108, 34.36),
(229, 159, 15, 44.01),
(230, 188, 198, 40.66),
(231, 107, 5, 24.8),
(232, 164, 174, 31.88),
(233, 180, 130, 33.63),
(234, 71, 43, 21.96),
(235, 165, 151, 40.58),
(236, 195, 54, 23.41),
(237, 116, 198, 37.68),
(238, 8, 155, 13.44),
(239, 155, 106, 31.57),
(240, 89, 179, 3.53),
(241, 49, 56, 27.11),
(242, 69, 119, 29.93),
(243, 112, 178, 36.25),
(244, 102, 14, 0.66),
(245, 162, 15, 14.44),
(246, 8, 179, 1.07),
(247, 91, 62, 25.35),
(248, 173, 128, 3.53),
(249, 197, 107, 27.47),
(250, 20, 132, 38.64),
(251, 78, 130, 11.45),
(252, 97, 124, 18.75),
(253, 19, 103, 42.06),
(254, 43, 76, 13.29),
(255, 47, 139, 29.82),
(256, 143, 151, 4.64),
(257, 126, 198, 37.35),
(258, 87, 85, 31.97),
(259, 29, 131, 12.22),
(260, 188, 74, 33.12),
(261, 114, 81, 47.38),
(262, 184, 57, 11.35),
(263, 192, 146, 17.25),
(264, 56, 160, 4.94),
(265, 188, 161, 6.51),
(266, 73, 163, 38.31),
(267, 67, 117, 30.07),
(268, 13, 70, 3.9),
(269, 151, 16, 0.75),
(270, 102, 68, 9.31),
(271, 55, 35, 39.75),
(272, 114, 23, 23.71),
(273, 77, 4, 29.45),
(274, 157, 21, 23.8),
(275, 36, 28, 43.87),
(276, 76, 160, 12.61),
(277, 146, 151, 44.16),
(278, 21, 29, 15.84),
(279, 75, 120, 13.33),
(280, 149, 72, 0.9),
(281, 31, 182, 17),
(282, 75, 30, 34.62),
(283, 91, 128, 20.08),
(284, 96, 24, 49.74),
(285, 195, 124, 44.71),
(286, 151, 155, 18.22),
(287, 33, 176, 36.62),
(288, 58, 109, 33.73),
(289, 12, 78, 44.67),
(290, 137, 20, 9.64),
(291, 104, 45, 35.51),
(292, 24, 145, 31.33),
(293, 134, 178, 13.27),
(294, 84, 95, 47.51),
(295, 4, 100, 34.64),
(296, 188, 22, 46.67),
(297, 177, 191, 6.78),
(298, 114, 169, 24.4),
(299, 185, 52, 45.12),
(300, 62, 92, 15.97),
(301, 99, 142, 47.96),
(302, 60, 121, 9.6),
(303, 131, 182, 15.09),
(304, 102, 167, 7.55),
(305, 87, 68, 43.09),
(306, 185, 125, 48.56),
(307, 34, 193, 39.1),
(308, 133, 102, 18.79),
(309, 88, 7, 4.67),
(310, 18, 59, 32.88),
(311, 153, 94, 42.22),
(312, 26, 153, 38.63),
(313, 87, 104, 31.21),
(314, 29, 191, 25.71),
(315, 4, 16, 48.65),
(316, 83, 39, 16.18),
(317, 126, 32, 21.39),
(318, 59, 43, 33.14),
(319, 137, 39, 30.29),
(320, 161, 85, 48.9),
(321, 169, 38, 35),
(322, 141, 29, 36.34),
(323, 194, 87, 25.69),
(324, 193, 22, 18.23),
(325, 85, 110, 27.91),
(326, 170, 41, 11.58),
(327, 124, 110, 46.34),
(328, 169, 27, 46.85),
(329, 107, 71, 46.23),
(330, 150, 35, 26.76),
(331, 10, 175, 39.19),
(332, 189, 140, 5.71),
(333, 124, 159, 30.26),
(334, 104, 106, 2.66),
(335, 111, 103, 30.99),
(336, 76, 128, 26.51),
(337, 109, 99, 0.66),
(338, 164, 136, 43.71),
(339, 76, 104, 5.95),
(340, 47, 80, 21.81),
(341, 82, 105, 41.64),
(342, 21, 62, 18.52),
(343, 110, 179, 3.44),
(344, 70, 108, 35.58),
(345, 27, 111, 14.47),
(346, 95, 114, 3.29),
(347, 178, 107, 46.49),
(348, 117, 67, 29.77),
(349, 1, 49, 15.39),
(350, 171, 140, 23.15),
(351, 139, 190, 5.37),
(352, 40, 162, 49.82),
(353, 84, 50, 47.95),
(354, 48, 169, 30.26),
(355, 65, 46, 44.18),
(356, 1, 103, 42.67),
(357, 185, 149, 20.01),
(358, 139, 119, 10.07),
(359, 158, 164, 49.67),
(360, 129, 151, 11.53),
(361, 92, 85, 44.98),
(362, 65, 86, 43.45),
(363, 141, 194, 21.7),
(364, 152, 99, 29.32),
(365, 57, 120, 3.62),
(366, 92, 87, 38.84),
(367, 83, 30, 37.22),
(368, 71, 124, 35.2),
(369, 57, 99, 3.75),
(370, 32, 152, 14.34),
(371, 32, 38, 27.8),
(372, 18, 65, 38.77),
(373, 82, 77, 10.92),
(374, 167, 45, 2.23),
(375, 131, 31, 10.39),
(376, 54, 61, 23.9),
(377, 118, 104, 23.31),
(378, 27, 170, 46.15),
(379, 180, 66, 9),
(380, 98, 189, 21.36),
(381, 86, 181, 7.32),
(382, 148, 58, 25.84),
(383, 23, 61, 35.88),
(384, 134, 92, 16.71),
(385, 17, 80, 48.77),
(386, 108, 89, 39),
(387, 170, 169, 16.85),
(388, 183, 172, 13.13),
(389, 136, 147, 46.66),
(390, 9, 31, 2.91),
(391, 178, 158, 20.92),
(392, 87, 78, 22.57),
(393, 71, 133, 10.67),
(394, 138, 146, 30.6),
(395, 42, 66, 9.26),
(396, 2, 157, 19.06),
(397, 92, 99, 19.72),
(398, 125, 58, 27.08),
(399, 34, 150, 21.88),
(400, 60, 142, 24.33),
(401, 65, 190, 4.04),
(402, 103, 145, 4.72),
(403, 103, 88, 34.75),
(404, 110, 183, 33.72),
(405, 104, 48, 7.94),
(406, 61, 114, 32.12),
(407, 104, 34, 47.02),
(408, 63, 95, 13.23),
(409, 170, 143, 39.55),
(410, 66, 165, 34.62),
(411, 131, 12, 8.6),
(412, 103, 164, 23.32),
(413, 91, 131, 32.41),
(414, 22, 71, 5.27),
(415, 72, 121, 29.27),
(416, 118, 150, 5.31),
(417, 24, 100, 42.61),
(418, 178, 143, 9.72),
(419, 167, 83, 6.74),
(420, 17, 6, 25.32),
(421, 178, 79, 7.73),
(422, 111, 31, 2.15),
(423, 65, 152, 40.29),
(424, 19, 139, 31.04),
(425, 100, 27, 43.11),
(426, 186, 73, 39.57),
(427, 69, 1, 18.9),
(428, 63, 27, 40.26),
(429, 106, 54, 34.35),
(430, 86, 18, 26.05),
(431, 98, 110, 43.44),
(432, 40, 20, 37.06),
(433, 129, 153, 8.55),
(434, 153, 126, 6.18),
(435, 107, 168, 45.76),
(436, 115, 153, 27.39),
(437, 170, 130, 24.95),
(438, 24, 94, 12.87),
(439, 34, 186, 15.91),
(440, 182, 104, 14.77),
(441, 161, 86, 0.09),
(442, 34, 91, 19.94),
(443, 181, 113, 8.7),
(444, 72, 26, 26.91),
(445, 184, 80, 3.11),
(446, 42, 118, 21.99),
(447, 112, 100, 45.92),
(448, 18, 119, 27.36),
(449, 86, 58, 44.65),
(450, 82, 137, 27.16),
(451, 184, 160, 36.86),
(452, 169, 138, 33.92),
(453, 69, 19, 33.42),
(454, 81, 128, 10.93),
(455, 3, 117, 42.98),
(456, 59, 89, 48.67),
(457, 23, 92, 21.28),
(458, 128, 187, 23.98),
(459, 100, 134, 22.27),
(460, 181, 29, 12.07),
(461, 108, 144, 6.41),
(462, 69, 36, 23.03),
(463, 74, 36, 39.7),
(464, 156, 136, 32.87),
(465, 115, 170, 44.58),
(466, 16, 189, 46.23),
(467, 99, 45, 32.87),
(468, 18, 92, 5.19),
(469, 64, 53, 20.59),
(470, 77, 69, 44.45),
(471, 131, 165, 19.61),
(472, 182, 15, 16.96),
(473, 3, 109, 38.42),
(474, 15, 64, 22.64),
(475, 124, 39, 14.56),
(476, 197, 140, 14.48),
(477, 115, 186, 3.73),
(478, 110, 56, 33.51),
(479, 94, 152, 10.13),
(480, 168, 119, 24.98),
(481, 150, 45, 6.8),
(482, 103, 116, 40.13),
(483, 21, 76, 1.83),
(484, 192, 42, 6.64),
(485, 152, 148, 15.25),
(486, 120, 126, 14.02),
(487, 124, 15, 35.36),
(488, 21, 74, 35.23),
(489, 89, 180, 34.03),
(490, 139, 152, 40.39),
(491, 27, 58, 6.79),
(492, 188, 1, 5.9),
(493, 154, 160, 16.57),
(494, 181, 146, 46.78),
(495, 16, 68, 25.03),
(496, 11, 55, 23.19),
(497, 68, 109, 21.73),
(498, 33, 155, 17.45),
(499, 5, 93, 2.57),
(500, 39, 114, 46.87)
;

INSERT INTO Viaje VALUES
(1, 342, 181, 91.01, '13:36'),
(2, 44, 42, 76.32, '11:39'),
(3, 570, 79, 82.8, '0:32'),
(4, 213, 465, 35.42, '1:19'),
(5, 248, 472, 37.55, '20:13'),
(6, 547, 98, 58.75, '22:01'),
(7, 403, 318, 44.88, '8:06'),
(8, 86, 112, 86.31, '18:13'),
(9, 208, 429, 42.09, '12:35'),
(10, 418, 310, 48.7, '19:30'),
(11, 375, 422, 59.51, '5:04'),
(12, 213, 451, 2.33, '13:30'),
(13, 396, 379, 73.87, '16:37'),
(14, 28, 67, 62.78, '16:40'),
(15, 494, 264, 71.14, '8:19'),
(16, 175, 181, 43.94, '4:25'),
(17, 179, 421, 73.37, '17:23'),
(18, 398, 480, 5.74, '12:17'),
(19, 148, 256, 85.72, '1:41'),
(20, 556, 228, 8.12, '15:46'),
(21, 179, 255, 62.18, '23:26'),
(22, 19, 78, 49.61, '15:48'),
(23, 280, 439, 65.07, '3:03'),
(24, 113, 463, 43.59, '20:15'),
(25, 486, 281, 50.1, '15:29'),
(26, 423, 90, 52.51, '10:13'),
(27, 388, 190, 44.82, '2:45'),
(28, 565, 485, 79.88, '23:37'),
(29, 466, 112, 29.94, '8:53'),
(30, 362, 285, 25.5, '13:34'),
(31, 358, 23, 4.03, '19:56'),
(32, 1, 333, 43.23, '13:00'),
(33, 405, 427, 42.26, '9:03'),
(34, 435, 177, 73.32, '17:36'),
(35, 414, 85, 66.63, '1:18'),
(36, 413, 278, 16.33, '7:12'),
(37, 77, 320, 75.24, '16:59'),
(38, 543, 31, 19.56, '21:54'),
(39, 36, 463, 14.12, '10:55'),
(40, 147, 286, 48.93, '1:13'),
(41, 523, 291, 39.51, '10:24'),
(42, 502, 331, 40.47, '9:46'),
(43, 210, 151, 3.59, '16:25'),
(44, 556, 299, 14.28, '13:52'),
(45, 159, 25, 12.58, '16:36'),
(46, 544, 98, 5.57, '3:56'),
(47, 485, 154, 31.63, '13:01'),
(48, 190, 135, 23.64, '18:08'),
(49, 50, 41, 61.38, '0:45'),
(50, 230, 158, 50.09, '1:38'),
(51, 284, 347, 26.05, '4:03'),
(52, 298, 436, 6.64, '4:18'),
(53, 153, 245, 83.43, '0:44'),
(54, 321, 281, 27.4, '13:36'),
(55, 344, 432, 75.6, '1:45'),
(56, 401, 46, 36.58, '1:45'),
(57, 141, 108, 71.09, '11:02'),
(58, 54, 5, 38.76, '1:16'),
(59, 406, 248, 56.72, '23:29'),
(60, 140, 6, 41.71, '15:03'),
(61, 303, 195, 12.43, '6:25'),
(62, 268, 103, 55.2, '7:53'),
(63, 497, 415, 84.95, '3:57'),
(64, 342, 244, 52.37, '1:49'),
(65, 109, 188, 70.22, '17:22'),
(66, 144, 130, 25.81, '20:21'),
(67, 51, 118, 73.16, '20:15'),
(68, 371, 90, 14.44, '14:51'),
(69, 130, 148, 14.06, '23:38'),
(70, 75, 105, 59.7, '12:25'),
(71, 573, 394, 10.5, '13:00'),
(72, 463, 415, 10.42, '5:58'),
(73, 115, 446, 98.05, '17:59'),
(74, 399, 358, 58.18, '16:02'),
(75, 575, 5, 16.93, '22:13'),
(76, 165, 254, 67.93, '15:51'),
(77, 559, 174, 30.66, '1:28'),
(78, 278, 145, 47.34, '21:32'),
(79, 581, 347, 57.46, '19:27'),
(80, 169, 65, 17.69, '21:51'),
(81, 480, 467, 33.94, '6:56'),
(82, 69, 483, 41.17, '9:43'),
(83, 50, 410, 6.75, '10:53'),
(84, 290, 336, 47.61, '11:18'),
(85, 147, 130, 25.12, '2:42'),
(86, 598, 287, 63.67, '10:46'),
(87, 556, 16, 85.82, '2:24'),
(88, 78, 308, 99.18, '14:22'),
(89, 341, 225, 13.77, '9:26'),
(90, 444, 375, 44.49, '11:46'),
(91, 548, 500, 99.2, '10:26'),
(92, 523, 462, 49.8, '5:06'),
(93, 290, 47, 90.86, '18:07'),
(94, 296, 65, 42.81, '0:18'),
(95, 152, 128, 14.97, '8:34'),
(96, 66, 378, 48.75, '1:51'),
(97, 10, 182, 47.53, '7:16'),
(98, 20, 350, 42.11, '0:58'),
(99, 484, 258, 16.28, '23:53'),
(100, 340, 492, 81.61, '4:19'),
(101, 571, 291, 38.96, '17:18'),
(102, 329, 80, 72.06, '3:25'),
(103, 170, 52, 75.36, '13:16'),
(104, 420, 404, 87.98, '9:32'),
(105, 514, 46, 65.39, '0:35'),
(106, 37, 487, 50.64, '3:53'),
(107, 495, 176, 60.36, '14:50'),
(108, 260, 179, 57.9, '14:31'),
(109, 243, 181, 22.04, '7:19'),
(110, 107, 120, 42.28, '23:24'),
(111, 157, 442, 46.17, '23:17'),
(112, 335, 268, 63.95, '6:27'),
(113, 147, 106, 29.14, '5:12'),
(114, 6, 457, 63.45, '20:07'),
(115, 96, 360, 9.79, '3:58'),
(116, 175, 340, 66.29, '18:41'),
(117, 479, 335, 85.16, '3:43'),
(118, 459, 495, 93.31, '8:28'),
(119, 23, 214, 84.03, '8:00'),
(120, 423, 434, 84.4, '17:40'),
(121, 358, 92, 47.45, '3:34'),
(122, 548, 467, 44.82, '4:31'),
(123, 271, 258, 55.49, '10:46'),
(124, 162, 9, 78.11, '22:23'),
(125, 202, 334, 73.46, '3:03'),
(126, 530, 248, 52.88, '14:12'),
(127, 344, 214, 23.76, '10:19'),
(128, 388, 68, 19.07, '11:36'),
(129, 412, 76, 85.18, '18:26'),
(130, 199, 141, 35.93, '23:10'),
(131, 141, 474, 77.89, '23:36'),
(132, 457, 185, 85.86, '10:06'),
(133, 25, 402, 21.89, '14:39'),
(134, 85, 472, 78.56, '21:37'),
(135, 74, 129, 51.61, '22:53'),
(136, 50, 9, 82.44, '23:47'),
(137, 37, 442, 52.36, '23:38'),
(138, 336, 293, 99.91, '4:31'),
(139, 295, 266, 3.37, '18:40'),
(140, 549, 95, 30.59, '12:14'),
(141, 61, 407, 5.58, '18:36'),
(142, 499, 250, 67.46, '17:25'),
(143, 31, 161, 27.66, '16:49'),
(144, 308, 491, 41, '5:08'),
(145, 312, 213, 68.8, '4:13'),
(146, 299, 52, 64.54, '22:07'),
(147, 315, 327, 79.42, '8:43'),
(148, 388, 193, 94.25, '23:39'),
(149, 140, 462, 42.75, '17:27'),
(150, 463, 34, 82.26, '9:08'),
(151, 532, 73, 51.49, '23:32'),
(152, 528, 405, 69.06, '12:38'),
(153, 420, 361, 1.64, '20:40'),
(154, 459, 367, 15.01, '10:56'),
(155, 129, 244, 86.29, '12:08'),
(156, 45, 472, 20.01, '11:10'),
(157, 525, 31, 89.8, '23:16'),
(158, 90, 247, 17.64, '15:03'),
(159, 467, 224, 47.68, '9:07'),
(160, 503, 443, 50.81, '13:59'),
(161, 326, 481, 19.45, '18:22'),
(162, 365, 249, 75.39, '16:43'),
(163, 150, 475, 25.02, '11:31'),
(164, 466, 488, 70.79, '8:35'),
(165, 244, 308, 79.22, '23:58'),
(166, 195, 347, 24.06, '0:55'),
(167, 299, 191, 74.63, '20:03'),
(168, 549, 27, 83.45, '20:14'),
(169, 58, 305, 77.15, '5:33'),
(170, 264, 95, 22.47, '2:43'),
(171, 232, 104, 23.25, '21:11'),
(172, 26, 234, 12.83, '22:51'),
(173, 143, 7, 25.68, '4:26'),
(174, 253, 461, 98.33, '4:44'),
(175, 162, 375, 79.2, '16:54'),
(176, 472, 285, 80.32, '11:32'),
(177, 206, 427, 6.82, '7:05'),
(178, 84, 267, 17.65, '11:29'),
(179, 237, 437, 88.78, '0:52'),
(180, 216, 43, 39.49, '6:26'),
(181, 509, 34, 94.1, '4:14'),
(182, 67, 364, 4.7, '1:34'),
(183, 494, 423, 14.98, '2:03'),
(184, 133, 199, 85.18, '19:03'),
(185, 204, 495, 98.44, '22:19'),
(186, 141, 392, 36.77, '10:45'),
(187, 23, 462, 68.35, '22:32'),
(188, 526, 268, 85.7, '5:01'),
(189, 513, 332, 8.88, '6:14'),
(190, 58, 136, 32.93, '15:10'),
(191, 47, 64, 52.51, '12:30'),
(192, 386, 401, 88.09, '13:11'),
(193, 91, 439, 58.16, '8:54'),
(194, 140, 358, 90.92, '0:05'),
(195, 372, 242, 39.07, '17:40'),
(196, 85, 424, 63.31, '2:36'),
(197, 52, 1, 12.35, '8:38'),
(198, 36, 97, 40.71, '7:55'),
(199, 331, 466, 69.98, '14:47'),
(200, 405, 331, 51, '9:16'),
(201, 294, 145, 9.55, '22:22'),
(202, 378, 418, 53.16, '14:22'),
(203, 280, 410, 95.76, '12:40'),
(204, 43, 266, 29.48, '17:39'),
(205, 486, 209, 33.72, '22:19'),
(206, 86, 33, 68.75, '9:15'),
(207, 544, 358, 8.52, '9:42'),
(208, 318, 460, 12.98, '13:17'),
(209, 479, 210, 8.59, '23:27'),
(210, 8, 39, 95.76, '18:23'),
(211, 400, 454, 49.8, '9:37'),
(212, 381, 168, 94.63, '13:55'),
(213, 247, 153, 8.4, '16:40'),
(214, 203, 327, 27.5, '15:56'),
(215, 35, 213, 30.9, '10:11'),
(216, 295, 201, 62.04, '7:57'),
(217, 62, 303, 3.25, '16:01'),
(218, 465, 69, 86.72, '8:22'),
(219, 507, 286, 47.21, '1:00'),
(220, 237, 50, 75.22, '15:12'),
(221, 224, 401, 34.98, '8:40'),
(222, 66, 154, 61.56, '17:24'),
(223, 504, 304, 95.72, '9:03'),
(224, 235, 302, 92.24, '16:59'),
(225, 233, 308, 45.87, '12:48'),
(226, 252, 471, 95.28, '9:09'),
(227, 244, 335, 17.87, '2:47'),
(228, 263, 10, 48.95, '15:47'),
(229, 573, 450, 94.04, '4:25'),
(230, 285, 383, 35.85, '21:36'),
(231, 440, 249, 40.59, '20:54'),
(232, 108, 222, 38.68, '12:13'),
(233, 508, 313, 74.85, '10:07'),
(234, 468, 88, 72.75, '22:28'),
(235, 110, 328, 91.94, '1:24'),
(236, 401, 462, 2.49, '23:39'),
(237, 480, 79, 85.61, '16:08'),
(238, 54, 478, 51.15, '1:11'),
(239, 288, 364, 82.66, '19:57'),
(240, 74, 394, 11.93, '9:02'),
(241, 314, 339, 75.43, '4:27'),
(242, 38, 446, 32.26, '15:29'),
(243, 113, 254, 49.14, '7:55'),
(244, 310, 112, 89.24, '1:40'),
(245, 440, 296, 62.32, '3:08'),
(246, 49, 292, 32.48, '2:42'),
(247, 336, 240, 78.19, '7:16'),
(248, 414, 297, 61.67, '18:28'),
(249, 107, 397, 96.67, '21:55'),
(250, 591, 57, 92.03, '8:43'),
(251, 503, 153, 17.26, '5:19'),
(252, 505, 342, 44.75, '9:28'),
(253, 490, 201, 56.16, '5:59'),
(254, 416, 46, 52.57, '1:20'),
(255, 502, 163, 75.63, '23:56'),
(256, 154, 24, 25.12, '8:22'),
(257, 326, 259, 57.07, '6:54'),
(258, 493, 269, 82.92, '23:46'),
(259, 428, 365, 86.61, '10:14'),
(260, 19, 491, 82.93, '10:20'),
(261, 572, 233, 9.66, '5:19'),
(262, 545, 305, 71.87, '22:40'),
(263, 399, 436, 12.51, '19:53'),
(264, 88, 386, 40.01, '3:21'),
(265, 190, 383, 77.32, '20:35'),
(266, 231, 336, 73.87, '5:42'),
(267, 9, 291, 24.14, '10:49'),
(268, 347, 30, 19.84, '16:16'),
(269, 472, 180, 90.77, '11:33'),
(270, 324, 2, 59.13, '7:41'),
(271, 309, 306, 66.09, '19:17'),
(272, 86, 150, 84.96, '3:07'),
(273, 366, 421, 76.81, '13:47'),
(274, 308, 14, 56.86, '9:36'),
(275, 316, 191, 57.91, '16:44'),
(276, 412, 175, 52.96, '23:17'),
(277, 571, 337, 8.78, '3:51'),
(278, 491, 188, 63.64, '4:29'),
(279, 2, 333, 76.16, '11:09'),
(280, 589, 379, 37.61, '3:59'),
(281, 528, 326, 80.18, '4:30'),
(282, 304, 343, 28.21, '19:03'),
(283, 123, 94, 3.74, '9:44'),
(284, 414, 145, 85.87, '18:06'),
(285, 336, 343, 80.81, '2:21'),
(286, 253, 430, 38.62, '17:40'),
(287, 509, 147, 7.85, '21:51'),
(288, 168, 135, 52.93, '1:51'),
(289, 556, 83, 91.86, '1:58'),
(290, 357, 369, 61.92, '17:45'),
(291, 421, 145, 67.31, '9:20'),
(292, 442, 305, 41.7, '6:53'),
(293, 354, 218, 49.56, '13:21'),
(294, 120, 445, 22.44, '20:06'),
(295, 370, 409, 44.56, '0:01'),
(296, 439, 481, 38.74, '7:44'),
(297, 595, 270, 67.95, '6:41'),
(298, 485, 34, 21.34, '10:17'),
(299, 470, 350, 58.61, '15:48'),
(300, 20, 424, 19.97, '8:52'),
(301, 42, 470, 20.7, '22:01'),
(302, 405, 288, 69.81, '15:33'),
(303, 87, 236, 55.4, '10:09'),
(304, 378, 45, 43.78, '1:32'),
(305, 204, 40, 34.13, '0:36'),
(306, 46, 220, 58.91, '7:30'),
(307, 520, 271, 12.11, '1:46'),
(308, 242, 232, 77.24, '12:53'),
(309, 248, 406, 9.55, '23:12'),
(310, 322, 118, 90.35, '7:28'),
(311, 60, 472, 82.1, '5:27'),
(312, 347, 7, 68.03, '8:46'),
(313, 390, 380, 60.26, '3:29'),
(314, 497, 8, 45.94, '6:18'),
(315, 129, 315, 19.73, '9:39'),
(316, 119, 335, 2.75, '21:01'),
(317, 438, 382, 21.41, '2:54'),
(318, 183, 21, 5.34, '20:24'),
(319, 122, 95, 67.98, '7:01'),
(320, 278, 253, 5.06, '21:34'),
(321, 44, 385, 26.89, '6:40'),
(322, 126, 46, 91.41, '0:07'),
(323, 528, 115, 94.54, '14:25'),
(324, 182, 169, 45.89, '19:19'),
(325, 564, 165, 96.43, '2:30'),
(326, 549, 253, 22.1, '5:48'),
(327, 378, 49, 96.86, '15:58'),
(328, 469, 407, 44, '4:12'),
(329, 275, 47, 85.27, '16:34'),
(330, 499, 80, 21.34, '10:04'),
(331, 439, 197, 49.49, '3:50'),
(332, 497, 54, 6.25, '9:40'),
(333, 246, 86, 72.81, '19:56'),
(334, 339, 46, 23.25, '19:53'),
(335, 427, 348, 20.08, '22:38'),
(336, 389, 72, 60.74, '14:41'),
(337, 562, 361, 56.6, '6:51'),
(338, 379, 377, 64.98, '7:06'),
(339, 61, 315, 96.47, '9:35'),
(340, 537, 212, 68.96, '18:05'),
(341, 235, 87, 48.89, '14:58'),
(342, 175, 213, 19.65, '13:52'),
(343, 490, 409, 53.78, '6:11'),
(344, 332, 373, 10.05, '17:53'),
(345, 489, 388, 25.98, '12:11'),
(346, 548, 309, 49.92, '5:09'),
(347, 577, 372, 97.79, '5:44'),
(348, 367, 474, 40.23, '11:53'),
(349, 542, 219, 35.53, '9:04'),
(350, 177, 323, 68.63, '17:09'),
(351, 515, 213, 89.58, '10:34'),
(352, 88, 455, 7.22, '5:52'),
(353, 575, 469, 56.63, '20:32'),
(354, 552, 438, 10.4, '6:07'),
(355, 53, 8, 24.26, '22:09'),
(356, 574, 13, 86.48, '18:56'),
(357, 439, 324, 16.05, '12:26'),
(358, 372, 146, 42.77, '21:11'),
(359, 38, 460, 18.54, '3:11'),
(360, 241, 477, 53.17, '11:53'),
(361, 145, 150, 90.51, '18:09'),
(362, 283, 258, 17.87, '22:17'),
(363, 284, 147, 64.69, '12:44'),
(364, 537, 50, 48.02, '7:47'),
(365, 371, 60, 39.34, '9:39'),
(366, 379, 168, 86.36, '20:51'),
(367, 46, 143, 55.55, '1:13'),
(368, 472, 177, 66.44, '5:23'),
(369, 240, 263, 74.23, '2:24'),
(370, 341, 138, 21.72, '21:08'),
(371, 360, 110, 93.68, '4:37'),
(372, 404, 495, 27.19, '6:56'),
(373, 154, 215, 80.26, '5:42'),
(374, 96, 39, 46.29, '11:36'),
(375, 26, 185, 18.75, '16:03'),
(376, 513, 110, 40.9, '4:41'),
(377, 546, 236, 67.43, '10:36'),
(378, 163, 471, 59.78, '18:47'),
(379, 511, 69, 92.09, '13:38'),
(380, 399, 471, 45.63, '18:56'),
(381, 261, 12, 41.94, '9:39'),
(382, 274, 334, 42.58, '6:31'),
(383, 419, 288, 40.28, '5:24'),
(384, 244, 237, 77.03, '5:12'),
(385, 231, 227, 39.82, '9:18'),
(386, 257, 315, 71.62, '9:10'),
(387, 210, 100, 78.52, '11:09'),
(388, 121, 304, 82.11, '17:38'),
(389, 512, 479, 53.14, '10:16'),
(390, 317, 333, 88.12, '18:07'),
(391, 307, 457, 58.98, '0:40'),
(392, 192, 269, 67.71, '18:08'),
(393, 74, 44, 75.98, '11:41'),
(394, 242, 497, 12.76, '21:15'),
(395, 259, 89, 28.48, '0:00'),
(396, 140, 496, 73.83, '7:29'),
(397, 600, 205, 38.55, '23:21'),
(398, 43, 162, 61.58, '15:28'),
(399, 274, 185, 86.54, '7:17'),
(400, 356, 354, 53.95, '12:17'),
(401, 21, 420, 83.49, '18:28'),
(402, 185, 446, 33.65, '7:22'),
(403, 480, 490, 98.65, '15:59'),
(404, 282, 348, 27.83, '23:54'),
(405, 450, 43, 48.7, '16:32'),
(406, 362, 2, 68.51, '11:43'),
(407, 413, 64, 57.11, '3:34'),
(408, 13, 36, 69.86, '9:39'),
(409, 181, 239, 41.96, '8:09'),
(410, 24, 325, 35.43, '4:26'),
(411, 528, 189, 69.14, '2:53'),
(412, 512, 205, 42.75, '2:21'),
(413, 51, 476, 87.86, '23:17'),
(414, 33, 453, 82.56, '17:27'),
(415, 541, 187, 8.58, '22:58'),
(416, 463, 156, 39.74, '5:41'),
(417, 404, 369, 84.49, '13:51'),
(418, 419, 464, 86.53, '7:08'),
(419, 106, 405, 13.41, '17:31'),
(420, 229, 390, 83.41, '16:37'),
(421, 553, 121, 18.56, '16:14'),
(422, 465, 317, 58.88, '3:16'),
(423, 268, 174, 53.62, '14:27'),
(424, 87, 66, 9.13, '4:49'),
(425, 518, 141, 82.27, '0:03'),
(426, 301, 103, 75.49, '7:40'),
(427, 378, 359, 74.46, '4:33'),
(428, 210, 167, 48.77, '0:32'),
(429, 34, 49, 83.04, '16:11'),
(430, 191, 34, 59.56, '8:12'),
(431, 253, 46, 15.07, '19:08'),
(432, 132, 174, 13.87, '1:10'),
(433, 185, 396, 60.08, '14:07'),
(434, 152, 269, 78.53, '13:57'),
(435, 208, 186, 64.51, '6:31'),
(436, 358, 371, 64.3, '5:11'),
(437, 250, 4, 12.68, '16:42'),
(438, 6, 421, 94.58, '11:41'),
(439, 8, 40, 52.4, '3:03'),
(440, 266, 32, 73.67, '21:04'),
(441, 64, 489, 25.65, '15:55'),
(442, 595, 102, 46.81, '21:37'),
(443, 414, 377, 12.88, '8:14'),
(444, 369, 289, 67.17, '15:46'),
(445, 365, 344, 76.51, '1:20'),
(446, 553, 279, 55.58, '5:10'),
(447, 125, 235, 91.39, '5:25'),
(448, 396, 52, 18.23, '11:19'),
(449, 342, 20, 51.09, '16:22'),
(450, 543, 450, 61.91, '9:35'),
(451, 589, 280, 77.58, '18:37'),
(452, 130, 46, 68.01, '14:59'),
(453, 157, 247, 43.98, '14:59'),
(454, 258, 305, 66.86, '5:14'),
(455, 231, 155, 42.16, '17:55'),
(456, 16, 83, 84.75, '0:56'),
(457, 558, 173, 57.7, '14:39'),
(458, 389, 9, 15.88, '12:46'),
(459, 285, 140, 18.62, '10:08'),
(460, 328, 324, 28.47, '6:27'),
(461, 463, 108, 84.31, '13:14'),
(462, 273, 93, 34.25, '12:10'),
(463, 298, 368, 24.68, '19:39'),
(464, 192, 196, 67.26, '3:14'),
(465, 491, 426, 93.93, '3:09'),
(466, 240, 103, 67.09, '10:23'),
(467, 449, 407, 52.05, '6:45'),
(468, 518, 500, 86.12, '6:50'),
(469, 298, 500, 1.37, '15:55'),
(470, 479, 36, 61.65, '11:12'),
(471, 445, 437, 18.35, '14:37'),
(472, 512, 399, 10.03, '18:01'),
(473, 27, 245, 61.9, '12:04'),
(474, 317, 275, 37.8, '16:10'),
(475, 388, 419, 89.73, '10:50'),
(476, 461, 146, 43.71, '10:20'),
(477, 76, 432, 13.92, '17:30'),
(478, 260, 49, 92.01, '22:03'),
(479, 36, 324, 89.79, '3:02'),
(480, 429, 429, 86.91, '10:12'),
(481, 345, 296, 15.72, '22:06'),
(482, 533, 346, 66.36, '8:43'),
(483, 472, 38, 4.95, '19:18'),
(484, 244, 22, 28.75, '15:32'),
(485, 163, 167, 78.36, '4:02'),
(486, 305, 396, 40.06, '1:00'),
(487, 177, 25, 68.55, '12:39'),
(488, 579, 72, 87.07, '4:55'),
(489, 104, 205, 94.14, '8:06'),
(490, 404, 15, 71.44, '15:47'),
(491, 542, 320, 22.48, '10:36'),
(492, 450, 353, 1.83, '10:57'),
(493, 107, 98, 45.23, '20:55'),
(494, 560, 327, 54.93, '19:15'),
(495, 104, 54, 5.85, '14:17'),
(496, 249, 317, 35.78, '17:49'),
(497, 209, 133, 7.99, '21:26'),
(498, 584, 122, 51.62, '6:10'),
(499, 41, 84, 45.89, '10:29'),
(500, 152, 212, 10.31, '6:43'),
(501, 198, 479, 48.24, '12:53'),
(502, 138, 107, 44.16, '17:06'),
(503, 113, 284, 79.3, '1:59'),
(504, 540, 429, 95.38, '15:51'),
(505, 452, 153, 87.07, '9:10'),
(506, 203, 230, 60.91, '15:37'),
(507, 244, 287, 48.6, '18:25'),
(508, 326, 8, 80.26, '9:46'),
(509, 371, 393, 91.97, '1:45'),
(510, 543, 407, 57.96, '22:21'),
(511, 377, 327, 92.04, '5:50'),
(512, 44, 92, 77.96, '21:57'),
(513, 142, 17, 94.33, '1:53'),
(514, 348, 342, 47.93, '13:36'),
(515, 182, 92, 97.63, '19:30'),
(516, 435, 384, 49.89, '7:42'),
(517, 79, 454, 25.09, '11:42'),
(518, 62, 244, 40.12, '22:02'),
(519, 401, 8, 84.13, '23:13'),
(520, 412, 159, 50.97, '4:27'),
(521, 190, 78, 74.95, '9:19'),
(522, 498, 389, 16.66, '17:39'),
(523, 543, 69, 42.63, '2:05'),
(524, 41, 17, 74.26, '11:48'),
(525, 187, 213, 91.31, '6:58'),
(526, 546, 465, 76.24, '16:05'),
(527, 448, 198, 78.47, '7:09'),
(528, 539, 147, 90.74, '6:52'),
(529, 481, 62, 33.47, '13:18'),
(530, 329, 84, 47.85, '10:25'),
(531, 250, 205, 24.36, '13:21'),
(532, 262, 218, 46.89, '23:47'),
(533, 175, 491, 19.53, '13:03'),
(534, 267, 312, 52.42, '20:31'),
(535, 543, 161, 25.97, '22:43'),
(536, 282, 127, 16.74, '2:22'),
(537, 468, 269, 24.93, '3:19'),
(538, 319, 151, 32.8, '0:24'),
(539, 374, 424, 46.28, '15:00'),
(540, 582, 336, 96.17, '19:32'),
(541, 337, 458, 20.65, '22:12'),
(542, 327, 406, 45.21, '15:09'),
(543, 251, 189, 30.1, '12:43'),
(544, 299, 354, 30.05, '14:28'),
(545, 369, 251, 96.55, '14:03'),
(546, 539, 419, 95.06, '1:49'),
(547, 128, 463, 14.68, '17:31'),
(548, 14, 482, 58.07, '12:42'),
(549, 575, 409, 5.72, '4:29'),
(550, 198, 468, 58.01, '14:59'),
(551, 131, 208, 3.68, '0:27'),
(552, 344, 272, 91.21, '12:41'),
(553, 326, 49, 73.48, '0:06'),
(554, 20, 166, 56.29, '5:12'),
(555, 268, 32, 24.51, '5:46'),
(556, 132, 109, 44.43, '8:48'),
(557, 79, 435, 48.91, '5:55'),
(558, 130, 500, 31.1, '20:58'),
(559, 205, 135, 34.8, '3:07'),
(560, 157, 396, 6.08, '6:28'),
(561, 325, 359, 35.65, '23:27'),
(562, 574, 463, 62.58, '19:59'),
(563, 474, 360, 84.62, '15:21'),
(564, 239, 309, 22.23, '23:56'),
(565, 460, 155, 12.26, '22:33'),
(566, 158, 52, 11.27, '0:18'),
(567, 167, 396, 3.5, '9:41'),
(568, 66, 258, 43.31, '14:13'),
(569, 600, 348, 9.12, '10:24'),
(570, 155, 118, 7.77, '23:19'),
(571, 470, 58, 20.52, '14:05'),
(572, 355, 209, 94.5, '0:44'),
(573, 201, 85, 80.85, '19:08'),
(574, 597, 166, 63.79, '23:10'),
(575, 176, 50, 51.43, '2:42'),
(576, 399, 158, 46.04, '5:06'),
(577, 381, 282, 31.78, '18:48'),
(578, 9, 230, 7.59, '16:56'),
(579, 318, 188, 43.46, '6:46'),
(580, 300, 312, 84.02, '18:35'),
(581, 247, 336, 57.49, '1:13'),
(582, 324, 335, 28.35, '21:17'),
(583, 462, 269, 5.08, '7:20'),
(584, 111, 127, 27.75, '23:53'),
(585, 285, 420, 98.87, '23:36'),
(586, 577, 68, 65.39, '11:06'),
(587, 473, 288, 90.57, '7:53'),
(588, 361, 26, 88.66, '15:41'),
(589, 97, 440, 73.83, '9:43'),
(590, 164, 75, 39.66, '13:42'),
(591, 351, 195, 94.2, '7:44'),
(592, 384, 333, 3.05, '18:15'),
(593, 359, 366, 56.63, '2:01'),
(594, 427, 92, 93.91, '8:52'),
(595, 542, 452, 71.47, '2:47'),
(596, 313, 152, 13.38, '16:02'),
(597, 390, 355, 55.08, '14:51'),
(598, 528, 441, 18.35, '13:01'),
(599, 342, 477, 15.08, '14:13'),
(600, 345, 12, 46.08, '2:21'),
(601, 523, 278, 92.5, '23:42'),
(602, 50, 173, 89.17, '8:46'),
(603, 400, 282, 46.55, '6:52'),
(604, 566, 136, 24.48, '21:33'),
(605, 35, 363, 60.29, '0:44'),
(606, 371, 185, 68.36, '23:58'),
(607, 597, 391, 73.91, '9:40'),
(608, 25, 142, 34.38, '20:39'),
(609, 535, 101, 35.67, '4:37'),
(610, 101, 34, 45.47, '10:54'),
(611, 211, 82, 12.56, '19:19'),
(612, 299, 28, 46.01, '18:21'),
(613, 459, 14, 31.32, '3:02'),
(614, 421, 190, 82.92, '22:02'),
(615, 119, 281, 56.15, '19:50'),
(616, 10, 235, 86.36, '8:23'),
(617, 585, 500, 6.9, '4:55'),
(618, 595, 340, 87.86, '0:42'),
(619, 218, 148, 96.4, '6:52'),
(620, 491, 430, 64.29, '15:38'),
(621, 310, 411, 61.31, '19:55'),
(622, 286, 23, 64.91, '16:07'),
(623, 384, 280, 31.47, '19:26'),
(624, 383, 115, 15.36, '11:46'),
(625, 477, 478, 57.01, '5:57'),
(626, 249, 383, 71.16, '2:09'),
(627, 349, 95, 92.96, '10:54'),
(628, 192, 58, 65.35, '17:29'),
(629, 132, 275, 38.04, '3:06'),
(630, 488, 70, 91.89, '12:45'),
(631, 454, 108, 49.38, '0:13'),
(632, 406, 460, 90.68, '6:34'),
(633, 522, 115, 63.76, '12:53'),
(634, 487, 195, 19.54, '5:38'),
(635, 464, 303, 30.77, '13:14'),
(636, 111, 8, 66.29, '14:48'),
(637, 513, 322, 29.87, '16:53'),
(638, 535, 341, 62.58, '15:38'),
(639, 405, 172, 12.88, '21:44'),
(640, 501, 66, 47.27, '2:28'),
(641, 5, 271, 92.62, '11:04'),
(642, 36, 163, 21.9, '15:12'),
(643, 537, 434, 49.71, '9:24'),
(644, 138, 87, 94.11, '16:50'),
(645, 15, 466, 36.93, '1:30'),
(646, 39, 157, 27.38, '6:53'),
(647, 111, 327, 53.68, '13:53'),
(648, 411, 99, 47.35, '8:03'),
(649, 444, 367, 55.59, '19:37'),
(650, 480, 45, 48.96, '7:31'),
(651, 358, 281, 55.04, '9:56'),
(652, 19, 280, 85.85, '19:00'),
(653, 379, 259, 69.42, '8:26'),
(654, 18, 343, 92.13, '2:52'),
(655, 29, 38, 42.88, '3:54'),
(656, 333, 181, 93.88, '15:43'),
(657, 340, 219, 30.91, '6:26'),
(658, 378, 463, 65.23, '1:58'),
(659, 161, 64, 34.32, '19:05'),
(660, 308, 464, 86.99, '23:51'),
(661, 591, 301, 72.53, '20:52'),
(662, 417, 131, 81.08, '20:01'),
(663, 386, 322, 53.46, '18:30'),
(664, 345, 335, 69.89, '15:39'),
(665, 586, 124, 11.8, '16:54'),
(666, 141, 220, 72.92, '6:28'),
(667, 14, 404, 50.58, '6:35'),
(668, 559, 327, 49.83, '23:38'),
(669, 152, 231, 61.15, '0:20'),
(670, 362, 342, 93.65, '9:46'),
(671, 344, 221, 86.62, '0:20'),
(672, 145, 114, 66.78, '15:40'),
(673, 11, 491, 6.39, '4:52'),
(674, 260, 275, 60.96, '22:22'),
(675, 39, 439, 85.32, '14:04'),
(676, 363, 156, 12.89, '6:44'),
(677, 481, 138, 42.36, '18:56'),
(678, 289, 18, 86.93, '13:49'),
(679, 272, 420, 50.17, '10:31'),
(680, 533, 437, 20.84, '16:37'),
(681, 200, 206, 42.38, '12:04'),
(682, 432, 433, 60.86, '9:59'),
(683, 145, 462, 82.68, '1:31'),
(684, 579, 139, 57.34, '10:13'),
(685, 378, 50, 37.66, '23:43'),
(686, 294, 381, 96.47, '17:06'),
(687, 418, 367, 34.67, '11:33'),
(688, 397, 384, 84.58, '5:31'),
(689, 275, 357, 73.04, '0:23'),
(690, 344, 188, 52.02, '10:43'),
(691, 558, 28, 45.51, '4:41'),
(692, 247, 191, 95.64, '3:00'),
(693, 170, 250, 14.51, '23:24'),
(694, 212, 214, 32.84, '13:03'),
(695, 443, 35, 79.34, '0:50'),
(696, 556, 402, 15.59, '14:20'),
(697, 570, 132, 82.24, '12:32'),
(698, 22, 418, 93.18, '19:26'),
(699, 387, 385, 47.81, '12:59'),
(700, 63, 421, 39.16, '15:34'),
(701, 77, 239, 6.66, '9:01'),
(702, 496, 60, 6.96, '23:13'),
(703, 414, 500, 2.21, '19:51'),
(704, 428, 79, 98.91, '22:39'),
(705, 152, 294, 22.75, '17:37'),
(706, 345, 241, 33.89, '3:48'),
(707, 297, 423, 62.92, '11:25'),
(708, 266, 283, 99.84, '3:31'),
(709, 236, 60, 43.32, '6:19'),
(710, 495, 244, 61.22, '3:58'),
(711, 251, 235, 63.71, '17:37'),
(712, 489, 63, 57.01, '21:32'),
(713, 433, 44, 7.64, '4:24'),
(714, 437, 116, 59.83, '2:10'),
(715, 534, 450, 62.72, '11:43'),
(716, 42, 62, 15.55, '4:34'),
(717, 17, 205, 39.64, '13:53'),
(718, 20, 467, 22.18, '15:45'),
(719, 596, 209, 64.99, '20:37'),
(720, 387, 488, 56.32, '8:48'),
(721, 10, 364, 26.38, '16:30'),
(722, 223, 353, 52.89, '17:09'),
(723, 92, 486, 20.79, '13:03'),
(724, 300, 260, 77.11, '9:52'),
(725, 168, 172, 84.61, '18:38'),
(726, 209, 412, 23.94, '23:08'),
(727, 546, 354, 78.15, '12:03'),
(728, 191, 453, 44.72, '3:59'),
(729, 535, 82, 54.58, '2:39'),
(730, 286, 69, 54.72, '0:20'),
(731, 527, 71, 95.94, '16:31'),
(732, 527, 161, 44.44, '1:56'),
(733, 140, 233, 71.46, '13:32'),
(734, 51, 84, 1.85, '1:41'),
(735, 231, 154, 23.42, '22:30'),
(736, 84, 295, 81.52, '8:50'),
(737, 136, 295, 86.45, '21:45'),
(738, 185, 230, 59.86, '17:44'),
(739, 219, 391, 12.35, '6:20'),
(740, 405, 327, 70.38, '5:52'),
(741, 95, 51, 75.52, '20:05'),
(742, 83, 326, 41.33, '12:31'),
(743, 591, 190, 30.04, '1:15'),
(744, 149, 37, 96.02, '5:39'),
(745, 389, 313, 93.46, '2:02'),
(746, 6, 267, 68.35, '15:04'),
(747, 81, 172, 17.41, '6:24'),
(748, 463, 229, 51.88, '19:14'),
(749, 419, 176, 93.23, '5:07'),
(750, 32, 456, 10.99, '22:04'),
(751, 175, 117, 49.22, '23:24'),
(752, 491, 449, 94.36, '4:15'),
(753, 360, 342, 97.03, '19:46'),
(754, 85, 78, 4.47, '21:45'),
(755, 460, 109, 48.71, '13:35'),
(756, 196, 339, 65.3, '2:48'),
(757, 60, 340, 92.38, '10:13'),
(758, 212, 272, 13.49, '12:26'),
(759, 568, 248, 3.25, '23:22'),
(760, 572, 490, 26.65, '3:32'),
(761, 17, 29, 72.35, '15:12'),
(762, 35, 322, 81.28, '10:10'),
(763, 82, 299, 48.26, '6:58'),
(764, 484, 422, 81.04, '18:46'),
(765, 555, 374, 37.96, '14:58'),
(766, 26, 352, 26.55, '8:29'),
(767, 366, 88, 65.46, '21:07'),
(768, 274, 429, 96.66, '22:21'),
(769, 513, 404, 9.26, '3:02'),
(770, 404, 90, 40.29, '15:39'),
(771, 478, 366, 8.09, '12:30'),
(772, 417, 44, 77.86, '2:08'),
(773, 91, 42, 8.43, '4:03'),
(774, 265, 345, 30.84, '17:24'),
(775, 55, 19, 25.99, '14:38'),
(776, 539, 345, 65.41, '11:24'),
(777, 246, 275, 49.84, '16:54'),
(778, 239, 33, 62.24, '21:00'),
(779, 277, 248, 61.34, '13:26'),
(780, 565, 267, 46.62, '14:20'),
(781, 126, 447, 3.53, '14:19'),
(782, 127, 446, 1.59, '7:47'),
(783, 210, 350, 17.91, '15:16'),
(784, 423, 138, 19, '0:29'),
(785, 104, 20, 73.31, '14:21'),
(786, 405, 322, 62.71, '0:29'),
(787, 171, 131, 53.39, '22:28'),
(788, 254, 22, 85.66, '4:06'),
(789, 565, 64, 11.79, '21:03'),
(790, 84, 437, 62.65, '2:40'),
(791, 35, 425, 23.87, '1:20'),
(792, 381, 150, 45.84, '14:11'),
(793, 261, 362, 1.11, '5:16'),
(794, 369, 275, 43.38, '13:23'),
(795, 49, 51, 32.09, '5:19'),
(796, 512, 379, 11.27, '13:43'),
(797, 51, 34, 98.54, '22:00'),
(798, 144, 267, 74.73, '15:13'),
(799, 18, 123, 74.53, '10:45'),
(800, 326, 101, 95.59, '2:53'),
(801, 426, 22, 33.11, '10:18'),
(802, 552, 476, 95.03, '2:04'),
(803, 359, 173, 80.23, '21:03'),
(804, 367, 9, 39.25, '17:19'),
(805, 166, 335, 82.47, '19:43'),
(806, 265, 46, 82.38, '13:34'),
(807, 116, 10, 72.69, '11:33'),
(808, 565, 83, 65.36, '18:16'),
(809, 439, 408, 74.66, '14:09'),
(810, 507, 139, 55.38, '12:40'),
(811, 402, 173, 10.8, '4:45'),
(812, 513, 197, 7.73, '20:49'),
(813, 337, 345, 28.75, '12:02'),
(814, 285, 207, 97.25, '14:04'),
(815, 245, 255, 84.94, '21:35'),
(816, 579, 279, 40.43, '3:03'),
(817, 520, 290, 47.22, '14:37'),
(818, 196, 285, 15.81, '6:52'),
(819, 370, 232, 26.21, '21:34'),
(820, 473, 327, 96.56, '8:52'),
(821, 221, 124, 41.73, '19:08'),
(822, 84, 155, 31.63, '1:27'),
(823, 94, 113, 82.77, '20:55'),
(824, 491, 139, 23.96, '11:48'),
(825, 6, 276, 77.75, '7:16'),
(826, 268, 469, 70.35, '8:16'),
(827, 441, 111, 77.52, '1:11'),
(828, 306, 72, 58.03, '3:16'),
(829, 45, 322, 92.45, '6:58'),
(830, 438, 129, 36.28, '20:22'),
(831, 569, 172, 11.33, '13:49'),
(832, 540, 485, 73.19, '15:02'),
(833, 2, 257, 49.66, '21:09'),
(834, 263, 27, 59.95, '1:29'),
(835, 93, 214, 22.94, '20:49'),
(836, 301, 148, 71.6, '21:17'),
(837, 341, 346, 62.26, '0:03'),
(838, 90, 335, 3.6, '2:33'),
(839, 24, 271, 92.68, '0:57'),
(840, 286, 98, 25.06, '23:36'),
(841, 397, 445, 35.22, '22:57'),
(842, 500, 72, 23.47, '7:48'),
(843, 469, 93, 98.9, '18:15'),
(844, 305, 484, 47.42, '23:52'),
(845, 82, 273, 29.4, '18:56'),
(846, 408, 356, 68.73, '6:59'),
(847, 105, 95, 29.74, '12:39'),
(848, 297, 376, 47.85, '17:35'),
(849, 399, 196, 15.65, '0:18'),
(850, 109, 186, 69.02, '14:22'),
(851, 287, 390, 1.24, '12:15'),
(852, 20, 224, 65.16, '0:27'),
(853, 78, 396, 10.67, '4:02'),
(854, 157, 222, 43.45, '10:28'),
(855, 12, 234, 41.29, '10:20'),
(856, 454, 255, 73.44, '11:57'),
(857, 140, 240, 37.9, '16:02'),
(858, 464, 318, 90.79, '6:06'),
(859, 200, 272, 48.33, '19:00'),
(860, 593, 22, 56.57, '14:12'),
(861, 125, 95, 22.09, '10:47'),
(862, 232, 10, 55.61, '1:17'),
(863, 395, 56, 93.91, '15:29'),
(864, 254, 25, 71.14, '11:11'),
(865, 560, 276, 4.96, '19:13'),
(866, 47, 45, 47.53, '7:14'),
(867, 320, 335, 86.35, '17:52'),
(868, 412, 451, 76.56, '16:05'),
(869, 239, 168, 82.12, '1:24'),
(870, 28, 8, 27.15, '16:15'),
(871, 449, 61, 12.84, '13:00'),
(872, 563, 37, 9.29, '12:15'),
(873, 93, 78, 55.9, '21:08'),
(874, 395, 106, 6.24, '22:06'),
(875, 100, 144, 90.68, '6:03'),
(876, 380, 320, 56.09, '19:18'),
(877, 401, 350, 15.78, '12:12'),
(878, 116, 460, 98.54, '17:28'),
(879, 457, 283, 63.96, '12:32'),
(880, 349, 239, 68.23, '11:21'),
(881, 489, 472, 38.93, '4:25'),
(882, 306, 65, 50.08, '22:45'),
(883, 407, 27, 2.35, '15:38'),
(884, 49, 348, 14.22, '13:05'),
(885, 197, 500, 70.2, '17:12'),
(886, 321, 483, 92.63, '21:02'),
(887, 63, 231, 47.8, '12:39'),
(888, 175, 201, 85.64, '17:41'),
(889, 543, 285, 88.96, '4:45'),
(890, 503, 482, 24.9, '17:34'),
(891, 417, 206, 63.12, '12:57'),
(892, 266, 293, 43.03, '6:15'),
(893, 213, 429, 17.48, '9:56'),
(894, 241, 15, 49.34, '9:34'),
(895, 523, 247, 82.99, '21:50'),
(896, 600, 13, 73.24, '5:56'),
(897, 385, 188, 84.77, '6:15'),
(898, 513, 351, 98.09, '8:07'),
(899, 579, 303, 13.92, '20:17'),
(900, 403, 361, 72.5, '12:26'),
(901, 169, 196, 36.25, '9:30'),
(902, 377, 449, 89.43, '1:25'),
(903, 519, 145, 28.16, '10:04'),
(904, 112, 60, 45.3, '18:47'),
(905, 76, 476, 32.41, '0:08'),
(906, 574, 473, 63.14, '15:35'),
(907, 206, 140, 90.88, '14:54'),
(908, 367, 41, 88.3, '10:29'),
(909, 167, 43, 14.96, '4:44'),
(910, 211, 278, 38.26, '0:10'),
(911, 501, 482, 75.52, '13:28'),
(912, 20, 499, 14.25, '2:57'),
(913, 365, 480, 65.47, '1:34'),
(914, 175, 102, 96.29, '23:35'),
(915, 63, 473, 68.76, '22:48'),
(916, 337, 385, 75.89, '22:32'),
(917, 240, 93, 92.05, '4:12'),
(918, 316, 485, 52.35, '14:02'),
(919, 183, 435, 89.99, '19:42'),
(920, 542, 374, 82.47, '14:35'),
(921, 174, 112, 48.83, '8:31'),
(922, 61, 387, 97.97, '21:18'),
(923, 251, 140, 66.71, '5:36'),
(924, 181, 197, 51.92, '17:01'),
(925, 510, 13, 79.23, '1:20'),
(926, 588, 470, 74.57, '20:19'),
(927, 434, 272, 6.04, '13:03'),
(928, 3, 162, 10.08, '11:52'),
(929, 198, 319, 15.97, '13:51'),
(930, 471, 299, 73.96, '12:38'),
(931, 271, 239, 11.36, '8:53'),
(932, 326, 384, 7.19, '2:41'),
(933, 430, 140, 71.93, '23:36'),
(934, 119, 468, 47.49, '6:08'),
(935, 411, 124, 53.27, '1:35'),
(936, 319, 246, 52.93, '14:19'),
(937, 101, 20, 68.02, '8:10'),
(938, 182, 97, 66.41, '5:58'),
(939, 227, 145, 99.64, '18:18'),
(940, 124, 262, 91.73, '2:14'),
(941, 295, 208, 44.83, '12:39'),
(942, 426, 439, 40.16, '3:59'),
(943, 77, 500, 68.24, '10:05'),
(944, 297, 476, 1.65, '9:16'),
(945, 98, 441, 96.45, '13:17'),
(946, 448, 370, 88.74, '12:09'),
(947, 283, 108, 76.86, '6:53'),
(948, 379, 318, 71.01, '1:20'),
(949, 41, 446, 86.83, '1:26'),
(950, 126, 12, 20.08, '23:38'),
(951, 157, 251, 95.51, '8:39'),
(952, 68, 317, 34.51, '9:14'),
(953, 215, 265, 20.51, '6:54'),
(954, 318, 337, 55.11, '11:14'),
(955, 33, 178, 45.04, '2:52'),
(956, 42, 21, 14.27, '14:51'),
(957, 161, 97, 31.04, '9:07'),
(958, 110, 4, 90.36, '3:03'),
(959, 8, 128, 96.33, '7:16'),
(960, 296, 303, 26.49, '22:13'),
(961, 600, 301, 89.48, '20:49'),
(962, 418, 209, 29.29, '21:54'),
(963, 61, 389, 81.8, '17:50'),
(964, 503, 12, 24.93, '5:33'),
(965, 308, 408, 4.15, '17:57'),
(966, 170, 249, 5.94, '13:14'),
(967, 570, 476, 8.17, '18:34'),
(968, 71, 121, 82.94, '10:57'),
(969, 524, 160, 77.59, '17:51'),
(970, 67, 257, 1.02, '2:21'),
(971, 236, 377, 10.06, '2:03'),
(972, 419, 222, 85.31, '8:55'),
(973, 51, 250, 23.85, '23:07'),
(974, 123, 78, 96.39, '8:39'),
(975, 340, 249, 99.24, '9:55'),
(976, 169, 225, 26.02, '17:37'),
(977, 554, 265, 87.94, '15:17'),
(978, 334, 228, 38.98, '8:08'),
(979, 68, 481, 80.9, '18:37'),
(980, 66, 314, 19.11, '12:37'),
(981, 456, 67, 83.98, '1:07'),
(982, 111, 213, 9.78, '9:09'),
(983, 60, 236, 75.07, '13:12'),
(984, 528, 9, 48.14, '11:47'),
(985, 271, 398, 59.09, '18:42'),
(986, 224, 146, 55.34, '9:19'),
(987, 246, 396, 53.89, '12:03'),
(988, 242, 411, 60.48, '0:02'),
(989, 338, 152, 53.12, '5:54'),
(990, 53, 357, 4.77, '19:41'),
(991, 276, 385, 61.43, '12:41'),
(992, 14, 41, 84.32, '0:03'),
(993, 145, 123, 87.07, '14:01'),
(994, 316, 7, 61.67, '15:04'),
(995, 559, 244, 49.42, '15:41'),
(996, 378, 75, 54.59, '5:40'),
(997, 208, 38, 10.04, '16:12'),
(998, 514, 413, 22.29, '10:05'),
(999, 530, 220, 95.84, '21:11'),
(1000, 532, 23, 65.54, '22:34')
;

/*En la tabla Sospechoso:*/
--a) En el campo Email, reemplaza todos los "0" (ceros) por "Q" (con la función REPLACE).
UPDATE Sospechoso
SET Email = REPLACE(Email, '0', 'Q');

--SELECT * FROM Sospechoso;

--b) Altera la tabla para que el campo Género admita NULLs.
ALTER TABLE Sospechoso
ALTER COLUMN Género NVARCHAR(50) NULL;

--c) Cambia los géneros que tengan más de 9 caracteres por el valor por defecto. (¿Cuál es el valor por defecto?)
UPDATE Sospechoso
SET Género = DEFAULT
WHERE LEN(Género)>9;
SELECT * FROM Sospechoso;

--d) Cambia el Color Favorito "Turquoise" por "Blue".
UPDATE Sospechoso
SET ColorFavorito = 'Blue'
WHERE ColorFavorito LIKE 'Turquoise';
SELECT * FROM Sospechoso;

--e) Cambia las Fechas de Nacimiento para que todo el mundo haya nacido en el mes de octubre (manteniendo día y año, con la función DATEFROMPARTS). ¿Cómo se podría cambiar solo a aquellos Sospechosos cuyo mes de nacimiento NO sea octubre?
UPDATE Sospechoso
SET FechaNacimiento = DATEFROMPARTS(
	YEAR(FechaNacimiento),
	10,
	DAY(FechaNacimiento)
	)
WHERE MONTH(FechaNacimiento)<>10;

SELECT * FROM Sospechoso;

--f) Trunca los Nombres Completos que se pasen de 10 caracteres, es decir, si el NombreCompleto supera los 10 caracteres, quédate solo con los 10 primeros (función LEFT).
UPDATE Sospechoso
SET NombreCompleto = LEFT(NombreCompleto,10)
WHERE LEN(NombreCompleto)>10;

SELECT * FROM Sospechoso

/*En la tabla Aeropuerto:*/
--g) Elimina del nombre la primera palabra salvo por su primera letra. Por ejemplo, el aeropuerto " Woodie Woodie Airport" pasaría a ser " W Woodie Airport" (empleando CHARINDEX, LEN, LEFT, RIGHT y CONCAT).

UPDATE Aeropuerto

SET AeropuertoNombre =
 LEFT (AeropuertoNombre,1) + SUBSTRING(
AeropuertoNombre,
CHARINDEX (' ', AeropuertoNombre),
Len(AeropuertoNombre) - CHARINDEX (' ', AeropuertoNombre)+1
)
FROM Aeropuerto;

--h) Altera la tabla y borra en caso de que exista la restricción del valor por defecto para la elevación. 

	ALTER TABLE Aeropuerto
	DROP CONSTRAINT IF EXISTS DF_Aeropuerto_Elevacion;

-- i) Altera la tabla y añade una restricción para que la elevación por defecto sea 0. 

	ALTER TABLE Aeropuerto
	ADD CONSTRAINT DF_Aeropuerto_Elevacion
	DEFAULT 0 FOR AeropuertoElevación;

--j) Reemplaza las elevaciones NULL por su valor por defecto.

	UPDATE Aeropuerto
	SET AeropuertoElevación = DEFAULT
	WHERE AeropuertoElevación IS NULL;


	SELECT * FROM Aeropuerto;
--k) Reemplaza las elevaciones por la parte entera de su raíz cuadrada, pero sólo si no es un cuadrado perfecto. Es decir, si la elevación vale 49 (72) no se reemplaza, pero si vale 48, pasaría a ser 6 (la parte entera de la raíz cuadrada de 48). Se puede resolver con SQRT y CAST.

	UPDATE Aeropuerto
	SET AeropuertoElevación = SQRT(AeropuertoElevación)
	WHERE CAST(SQRT(AeropuertoElevación) AS INT) <>
	SQRT(AeropuertoElevación);

	SELECT * FROM Aeropuerto;

--SELECT * FROM Aeropuerto;

/*En la tabla Billete:*/
--l) Añade un campo nuevo llamado "Media" de tipo decimal(5, 2) no nulo cuyo valor por defecto sea 0.

	ALTER TABLE Billete
	ADD Media DECIMAL(5,2) NOT NULL
	CONSTRAINT DF_Billete_Media DEFAULT 0;
	GO
	

--m) Establece el valor del campo "Media" como la media entre los aeropuertos de origen y de destino.

	UPDATE Billete
	SET Media = (AeropuertoOrigen+AeropuertoDestino)/2.;
	SELECT * FROM Billete;

--n) Añade un nuevo campo llamado "Diferencia" de tipo entero no nulo con valor por defecto 0.

	ALTER TABLE Billete
	ADD Diferencia INT NOT NULL
	CONSTRAINT DF_Billete_Diferencia DEFAULT 0;
	GO

--o) Establece el valor del campo "Diferencia" como la diferencia entre los aeropuertos de origen y destino.

	UPDATE Billete
	SET Diferencia = AeropuertoDestino-AeropuertoOrigen;
	GO

	SELECT * FROM Billete;
--p) Cambia aquellas diferencias que sean negativas por su valor en positivo.

	UPDATE Billete
	SET Diferencia *= -1
	WHERE Diferencia <0;
	GO

	SELECT * FROM Billete;
--q) Incrementa el precio de los billetes en un 10% para aquellos billetes cuyo precio sea menos de 30.


/*En la tabla Viaje:*/
--r) Cambia el SospechosoID para que pase a ser la mitad del valor + 1. Es decir, si fuera 17 pasaría a ser 17/2+1 = 8+1 = 9.

	UPDATE Viaje
	SET SospechosoID = SospechosoID/2+1;

	SELECT * FROM Viaje;

--s) Cambia el BilleteID para que su valor sea 1.65 veces el SospechosoID.

--t) Reduce la Duración del viaje en un 20%.

	UPDATE Viaje
	SET DuraciónViaje *= 0.8

--u) Suma 2 minutos a la Hora de embarque de aquellos viajes que tengan lugar antes de las 12:00 (empleando DATEADD)

	UPDATE Viaje
	SET HoraEmbarque = DATEADD(MINUTE, 2,HoraEmbarque)
	WHERE HoraEmbarque < '12:00';

	select * from Viaje;